DV,IV,Moderator,Term,Coefficient,StdErr,t-value,p-value,N_Obs,R_Squared,Adj_R_Squared,f_squared,f_squared_interp,Centering_Used,Path
dv1_healthcare_access,iv1_public_health_policy,mo1_genai_capabilities,const,955.309067,64.584276,14.791667,0.000000,2109,0.246015,0.241698,0.000338,Negligible effect,False,iv1_public_health_policy_x_mo1_genai_capabilities_to_dv1_healthcare_access
dv1_healthcare_access,iv1_public_health_policy,mo1_genai_capabilities,iv1_public_health_policy,-6.640286,22.724763,-0.292205,0.770159,2109,0.246015,0.241698,0.000338,Negligible effect,False,iv1_public_health_policy_x_mo1_genai_capabilities_to_dv1_healthcare_access
dv1_healthcare_access,iv1_public_health_policy,mo1_genai_capabilities,mo1_genai_capabilities,-20.885825,14.681310,-1.422613,0.154997,2109,0.246015,0.241698,0.000338,Negligible effect,False,iv1_public_health_policy_x_mo1_genai_capabilities_to_dv1_healthcare_access
dv1_healthcare_access,iv1_public_health_policy,mo1_genai_capabilities,iv1_public_health_policy_X_mo1_genai_capabilities,-16.243422,19.309155,-0.841229,0.400316,2109,0.246015,0.241698,0.000338,Negligible effect,False,iv1_public_health_policy_x_mo1_genai_capabilities_to_dv1_healthcare_access
dv1_healthcare_access,iv1_public_health_policy,mo1_genai_capabilities,population,-0.000126,0.000024,-5.285490,0.000000,2109,0.246015,0.241698,0.000338,Negligible effect,False,iv1_public_health_policy_x_mo1_genai_capabilities_to_dv1_healthcare_access
dv1_healthcare_access,iv1_public_health_policy,mo1_genai_capabilities,div_2,238.551084,71.547203,3.334178,0.000870,2109,0.246015,0.241698,0.000338,Negligible effect,False,iv1_public_health_policy_x_mo1_genai_capabilities_to_dv1_healthcare_access
dv1_healthcare_access,iv1_public_health_policy,mo1_genai_capabilities,div_3,415.802352,66.390069,6.263020,0.000000,2109,0.246015,0.241698,0.000338,Negligible effect,False,iv1_public_health_policy_x_mo1_genai_capabilities_to_dv1_healthcare_access
dv1_healthcare_access,iv1_public_health_policy,mo1_genai_capabilities,div_4,309.429804,65.048101,4.756938,0.000002,2109,0.246015,0.241698,0.000338,Negligible effect,False,iv1_public_health_policy_x_mo1_genai_capabilities_to_dv1_healthcare_access
dv1_healthcare_access,iv1_public_health_policy,mo1_genai_capabilities,div_5,668.336362,68.168376,9.804200,0.000000,2109,0.246015,0.241698,0.000338,Negligible effect,False,iv1_public_health_policy_x_mo1_genai_capabilities_to_dv1_healthcare_access
dv1_healthcare_access,iv1_public_health_policy,mo1_genai_capabilities,div_6,215.561321,65.335798,3.299283,0.000986,2109,0.246015,0.241698,0.000338,Negligible effect,False,iv1_public_health_policy_x_mo1_genai_capabilities_to_dv1_healthcare_access
dv1_healthcare_access,iv1_public_health_policy,mo1_genai_capabilities,div_7,571.589972,66.750255,8.563113,0.000000,2109,0.246015,0.241698,0.000338,Negligible effect,False,iv1_public_health_policy_x_mo1_genai_capabilities_to_dv1_healthcare_access
dv1_healthcare_access,iv1_public_health_policy,mo1_genai_capabilities,div_8,-28.418954,68.188664,-0.416769,0.676890,2109,0.246015,0.241698,0.000338,Negligible effect,False,iv1_public_health_policy_x_mo1_genai_capabilities_to_dv1_healthcare_access
dv1_healthcare_access,iv1_public_health_policy,mo1_genai_capabilities,div_9,-65.049716,71.357609,-0.911602,0.362083,2109,0.246015,0.241698,0.000338,Negligible effect,False,iv1_public_health_policy_x_mo1_genai_capabilities_to_dv1_healthcare_access
dv1_healthcare_access,iv1_public_health_policy,mo2_robotics_capabilities,const,974.262697,63.692760,15.296286,0.000000,2109,0.271331,0.267159,0.000001,Negligible effect,False,iv1_public_health_policy_x_mo2_robotics_capabilities_to_dv1_healthcare_access
dv1_healthcare_access,iv1_public_health_policy,mo2_robotics_capabilities,iv1_public_health_policy,-7.636479,24.112850,-0.316697,0.751505,2109,0.271331,0.267159,0.000001,Negligible effect,False,iv1_public_health_policy_x_mo2_robotics_capabilities_to_dv1_healthcare_access
dv1_healthcare_access,iv1_public_health_policy,mo2_robotics_capabilities,mo2_robotics_capabilities,-25.009487,4.140287,-6.040521,0.000000,2109,0.271331,0.267159,0.000001,Negligible effect,False,iv1_public_health_policy_x_mo2_robotics_capabilities_to_dv1_healthcare_access
dv1_healthcare_access,iv1_public_health_policy,mo2_robotics_capabilities,iv1_public_health_policy_X_mo2_robotics_capabilities,0.175668,5.382590,0.032636,0.973968,2109,0.271331,0.267159,0.000001,Negligible effect,False,iv1_public_health_policy_x_mo2_robotics_capabilities_to_dv1_healthcare_access
dv1_healthcare_access,iv1_public_health_policy,mo2_robotics_capabilities,population,-0.000095,0.000024,-4.015347,0.000061,2109,0.271331,0.267159,0.000001,Negligible effect,False,iv1_public_health_policy_x_mo2_robotics_capabilities_to_dv1_healthcare_access
dv1_healthcare_access,iv1_public_health_policy,mo2_robotics_capabilities,div_2,260.610982,70.420757,3.700769,0.000220,2109,0.271331,0.267159,0.000001,Negligible effect,False,iv1_public_health_policy_x_mo2_robotics_capabilities_to_dv1_healthcare_access
dv1_healthcare_access,iv1_public_health_policy,mo2_robotics_capabilities,div_3,452.599883,65.288616,6.932294,0.000000,2109,0.271331,0.267159,0.000001,Negligible effect,False,iv1_public_health_policy_x_mo2_robotics_capabilities_to_dv1_healthcare_access
dv1_healthcare_access,iv1_public_health_policy,mo2_robotics_capabilities,div_4,340.933393,64.013921,5.325926,0.000000,2109,0.271331,0.267159,0.000001,Negligible effect,False,iv1_public_health_policy_x_mo2_robotics_capabilities_to_dv1_healthcare_access
dv1_healthcare_access,iv1_public_health_policy,mo2_robotics_capabilities,div_5,680.335515,66.809472,10.183219,0.000000,2109,0.271331,0.267159,0.000001,Negligible effect,False,iv1_public_health_policy_x_mo2_robotics_capabilities_to_dv1_healthcare_access
dv1_healthcare_access,iv1_public_health_policy,mo2_robotics_capabilities,div_6,230.477346,64.092992,3.595984,0.000331,2109,0.271331,0.267159,0.000001,Negligible effect,False,iv1_public_health_policy_x_mo2_robotics_capabilities_to_dv1_healthcare_access
dv1_healthcare_access,iv1_public_health_policy,mo2_robotics_capabilities,div_7,584.090862,65.490670,8.918688,0.000000,2109,0.271331,0.267159,0.000001,Negligible effect,False,iv1_public_health_policy_x_mo2_robotics_capabilities_to_dv1_healthcare_access
dv1_healthcare_access,iv1_public_health_policy,mo2_robotics_capabilities,div_8,-9.438940,66.829068,-0.141240,0.887694,2109,0.271331,0.267159,0.000001,Negligible effect,False,iv1_public_health_policy_x_mo2_robotics_capabilities_to_dv1_healthcare_access
dv1_healthcare_access,iv1_public_health_policy,mo2_robotics_capabilities,div_9,-31.095365,70.012579,-0.444140,0.656987,2109,0.271331,0.267159,0.000001,Negligible effect,False,iv1_public_health_policy_x_mo2_robotics_capabilities_to_dv1_healthcare_access
dv1_healthcare_access,iv2_physical_environment,mo1_genai_capabilities,const,661.663486,79.345863,8.338979,0.000000,2109,0.261464,0.257235,0.000381,Negligible effect,False,iv2_physical_environment_x_mo1_genai_capabilities_to_dv1_healthcare_access
dv1_healthcare_access,iv2_physical_environment,mo1_genai_capabilities,iv2_physical_environment,162.114456,26.978033,6.009128,0.000000,2109,0.261464,0.257235,0.000381,Negligible effect,False,iv2_physical_environment_x_mo1_genai_capabilities_to_dv1_healthcare_access
dv1_healthcare_access,iv2_physical_environment,mo1_genai_capabilities,mo1_genai_capabilities,-76.300308,49.215947,-1.550317,0.121216,2109,0.261464,0.257235,0.000381,Negligible effect,False,iv2_physical_environment_x_mo1_genai_capabilities_to_dv1_healthcare_access
dv1_healthcare_access,iv2_physical_environment,mo1_genai_capabilities,iv2_physical_environment_X_mo1_genai_capabilities,19.590167,21.930970,0.893265,0.371818,2109,0.261464,0.257235,0.000381,Negligible effect,False,iv2_physical_environment_x_mo1_genai_capabilities_to_dv1_healthcare_access
dv1_healthcare_access,iv2_physical_environment,mo1_genai_capabilities,population,-0.000170,0.000024,-6.931929,0.000000,2109,0.261464,0.257235,0.000381,Negligible effect,False,iv2_physical_environment_x_mo1_genai_capabilities_to_dv1_healthcare_access
dv1_healthcare_access,iv2_physical_environment,mo1_genai_capabilities,div_2,150.943087,72.197812,2.090688,0.036676,2109,0.261464,0.257235,0.000381,Negligible effect,False,iv2_physical_environment_x_mo1_genai_capabilities_to_dv1_healthcare_access
dv1_healthcare_access,iv2_physical_environment,mo1_genai_capabilities,div_3,338.318224,65.405015,5.172665,0.000000,2109,0.261464,0.257235,0.000381,Negligible effect,False,iv2_physical_environment_x_mo1_genai_capabilities_to_dv1_healthcare_access
dv1_healthcare_access,iv2_physical_environment,mo1_genai_capabilities,div_4,210.835653,66.099888,3.189652,0.001445,2109,0.261464,0.257235,0.000381,Negligible effect,False,iv2_physical_environment_x_mo1_genai_capabilities_to_dv1_healthcare_access
dv1_healthcare_access,iv2_physical_environment,mo1_genai_capabilities,div_5,575.514204,67.551271,8.519665,0.000000,2109,0.261464,0.257235,0.000381,Negligible effect,False,iv2_physical_environment_x_mo1_genai_capabilities_to_dv1_healthcare_access
dv1_healthcare_access,iv2_physical_environment,mo1_genai_capabilities,div_6,199.925002,63.859177,3.130717,0.001768,2109,0.261464,0.257235,0.000381,Negligible effect,False,iv2_physical_environment_x_mo1_genai_capabilities_to_dv1_healthcare_access
dv1_healthcare_access,iv2_physical_environment,mo1_genai_capabilities,div_7,464.390385,66.779854,6.954049,0.000000,2109,0.261464,0.257235,0.000381,Negligible effect,False,iv2_physical_environment_x_mo1_genai_capabilities_to_dv1_healthcare_access
dv1_healthcare_access,iv2_physical_environment,mo1_genai_capabilities,div_8,9.532447,67.126241,0.142008,0.887088,2109,0.261464,0.257235,0.000381,Negligible effect,False,iv2_physical_environment_x_mo1_genai_capabilities_to_dv1_healthcare_access
dv1_healthcare_access,iv2_physical_environment,mo1_genai_capabilities,div_9,-138.260876,71.510915,-1.933423,0.053319,2109,0.261464,0.257235,0.000381,Negligible effect,False,iv2_physical_environment_x_mo1_genai_capabilities_to_dv1_healthcare_access
dv1_healthcare_access,iv2_physical_environment,mo2_robotics_capabilities,const,567.481342,79.938805,7.098947,0.000000,2109,0.291938,0.287884,0.001965,Negligible effect,False,iv2_physical_environment_x_mo2_robotics_capabilities_to_dv1_healthcare_access
dv1_healthcare_access,iv2_physical_environment,mo2_robotics_capabilities,iv2_physical_environment,217.939154,28.725889,7.586855,0.000000,2109,0.291938,0.287884,0.001965,Negligible effect,False,iv2_physical_environment_x_mo2_robotics_capabilities_to_dv1_healthcare_access
dv1_healthcare_access,iv2_physical_environment,mo2_robotics_capabilities,mo2_robotics_capabilities,0.423672,13.713637,0.030894,0.975357,2109,0.291938,0.287884,0.001965,Negligible effect,False,iv2_physical_environment_x_mo2_robotics_capabilities_to_dv1_healthcare_access
dv1_healthcare_access,iv2_physical_environment,mo2_robotics_capabilities,iv2_physical_environment_X_mo2_robotics_capabilities,-12.260333,6.040883,-2.029560,0.042527,2109,0.291938,0.287884,0.001965,Negligible effect,False,iv2_physical_environment_x_mo2_robotics_capabilities_to_dv1_healthcare_access
dv1_healthcare_access,iv2_physical_environment,mo2_robotics_capabilities,population,-0.000134,0.000024,-5.538700,0.000000,2109,0.291938,0.287884,0.001965,Negligible effect,False,iv2_physical_environment_x_mo2_robotics_capabilities_to_dv1_healthcare_access
dv1_healthcare_access,iv2_physical_environment,mo2_robotics_capabilities,div_2,173.365637,70.371241,2.463586,0.013835,2109,0.291938,0.287884,0.001965,Negligible effect,False,iv2_physical_environment_x_mo2_robotics_capabilities_to_dv1_healthcare_access
dv1_healthcare_access,iv2_physical_environment,mo2_robotics_capabilities,div_3,366.257376,63.822039,5.738729,0.000000,2109,0.291938,0.287884,0.001965,Negligible effect,False,iv2_physical_environment_x_mo2_robotics_capabilities_to_dv1_healthcare_access
dv1_healthcare_access,iv2_physical_environment,mo2_robotics_capabilities,div_4,237.173557,64.476353,3.678458,0.000241,2109,0.291938,0.287884,0.001965,Negligible effect,False,iv2_physical_environment_x_mo2_robotics_capabilities_to_dv1_healthcare_access
dv1_healthcare_access,iv2_physical_environment,mo2_robotics_capabilities,div_5,571.003287,65.855748,8.670516,0.000000,2109,0.291938,0.287884,0.001965,Negligible effect,False,iv2_physical_environment_x_mo2_robotics_capabilities_to_dv1_healthcare_access
dv1_healthcare_access,iv2_physical_environment,mo2_robotics_capabilities,div_6,219.157819,62.042738,3.532369,0.000421,2109,0.291938,0.287884,0.001965,Negligible effect,False,iv2_physical_environment_x_mo2_robotics_capabilities_to_dv1_healthcare_access
dv1_healthcare_access,iv2_physical_environment,mo2_robotics_capabilities,div_7,461.151742,65.151210,7.078176,0.000000,2109,0.291938,0.287884,0.001965,Negligible effect,False,iv2_physical_environment_x_mo2_robotics_capabilities_to_dv1_healthcare_access
dv1_healthcare_access,iv2_physical_environment,mo2_robotics_capabilities,div_8,31.627928,65.626913,0.481935,0.629902,2109,0.291938,0.287884,0.001965,Negligible effect,False,iv2_physical_environment_x_mo2_robotics_capabilities_to_dv1_healthcare_access
dv1_healthcare_access,iv2_physical_environment,mo2_robotics_capabilities,div_9,-107.399175,69.747496,-1.539828,0.123753,2109,0.291938,0.287884,0.001965,Negligible effect,False,iv2_physical_environment_x_mo2_robotics_capabilities_to_dv1_healthcare_access
dv1_healthcare_access,iv3_health_behaviors,mo1_genai_capabilities,const,955.528378,62.345523,15.326335,0.000000,2109,0.246220,0.241904,0.000001,Negligible effect,False,iv3_health_behaviors_x_mo1_genai_capabilities_to_dv1_healthcare_access
dv1_healthcare_access,iv3_health_behaviors,mo1_genai_capabilities,iv3_health_behaviors,-0.649805,0.543126,-1.196418,0.231669,2109,0.246220,0.241904,0.000001,Negligible effect,False,iv3_health_behaviors_x_mo1_genai_capabilities_to_dv1_healthcare_access
dv1_healthcare_access,iv3_health_behaviors,mo1_genai_capabilities,mo1_genai_capabilities,-29.805076,20.865808,-1.428417,0.153321,2109,0.246220,0.241904,0.000001,Negligible effect,False,iv3_health_behaviors_x_mo1_genai_capabilities_to_dv1_healthcare_access
dv1_healthcare_access,iv3_health_behaviors,mo1_genai_capabilities,iv3_health_behaviors_X_mo1_genai_capabilities,-0.020072,0.600937,-0.033401,0.973358,2109,0.246220,0.241904,0.000001,Negligible effect,False,iv3_health_behaviors_x_mo1_genai_capabilities_to_dv1_healthcare_access
dv1_healthcare_access,iv3_health_behaviors,mo1_genai_capabilities,population,-0.000121,0.000024,-4.967948,0.000001,2109,0.246220,0.241904,0.000001,Negligible effect,False,iv3_health_behaviors_x_mo1_genai_capabilities_to_dv1_healthcare_access
dv1_healthcare_access,iv3_health_behaviors,mo1_genai_capabilities,div_2,242.106856,71.638733,3.379552,0.000739,2109,0.246220,0.241904,0.000001,Negligible effect,False,iv3_health_behaviors_x_mo1_genai_capabilities_to_dv1_healthcare_access
dv1_healthcare_access,iv3_health_behaviors,mo1_genai_capabilities,div_3,442.478926,66.032957,6.700880,0.000000,2109,0.246220,0.241904,0.000001,Negligible effect,False,iv3_health_behaviors_x_mo1_genai_capabilities_to_dv1_healthcare_access
dv1_healthcare_access,iv3_health_behaviors,mo1_genai_capabilities,div_4,318.470422,65.208239,4.883899,0.000001,2109,0.246220,0.241904,0.000001,Negligible effect,False,iv3_health_behaviors_x_mo1_genai_capabilities_to_dv1_healthcare_access
dv1_healthcare_access,iv3_health_behaviors,mo1_genai_capabilities,div_5,694.389512,67.518289,10.284465,0.000000,2109,0.246220,0.241904,0.000001,Negligible effect,False,iv3_health_behaviors_x_mo1_genai_capabilities_to_dv1_healthcare_access
dv1_healthcare_access,iv3_health_behaviors,mo1_genai_capabilities,div_6,232.023832,64.362202,3.604970,0.000319,2109,0.246220,0.241904,0.000001,Negligible effect,False,iv3_health_behaviors_x_mo1_genai_capabilities_to_dv1_healthcare_access
dv1_healthcare_access,iv3_health_behaviors,mo1_genai_capabilities,div_7,596.446549,66.205033,9.009082,0.000000,2109,0.246220,0.241904,0.000001,Negligible effect,False,iv3_health_behaviors_x_mo1_genai_capabilities_to_dv1_healthcare_access
dv1_healthcare_access,iv3_health_behaviors,mo1_genai_capabilities,div_8,-13.233662,67.760777,-0.195300,0.845177,2109,0.246220,0.241904,0.000001,Negligible effect,False,iv3_health_behaviors_x_mo1_genai_capabilities_to_dv1_healthcare_access
dv1_healthcare_access,iv3_health_behaviors,mo1_genai_capabilities,div_9,-56.116096,71.512141,-0.784707,0.432714,2109,0.246220,0.241904,0.000001,Negligible effect,False,iv3_health_behaviors_x_mo1_genai_capabilities_to_dv1_healthcare_access
dv1_healthcare_access,iv3_health_behaviors,mo2_robotics_capabilities,const,959.960283,61.257228,15.670972,0.000000,2109,0.271795,0.267625,0.000573,Negligible effect,False,iv3_health_behaviors_x_mo2_robotics_capabilities_to_dv1_healthcare_access
dv1_healthcare_access,iv3_health_behaviors,mo2_robotics_capabilities,iv3_health_behaviors,0.082670,0.593920,0.139194,0.889310,2109,0.271795,0.267625,0.000573,Negligible effect,False,iv3_health_behaviors_x_mo2_robotics_capabilities_to_dv1_healthcare_access
dv1_healthcare_access,iv3_health_behaviors,mo2_robotics_capabilities,mo2_robotics_capabilities,-19.677263,5.432455,-3.622168,0.000299,2109,0.271795,0.267625,0.000573,Negligible effect,False,iv3_health_behaviors_x_mo2_robotics_capabilities_to_dv1_healthcare_access
dv1_healthcare_access,iv3_health_behaviors,mo2_robotics_capabilities,iv3_health_behaviors_X_mo2_robotics_capabilities,-0.149352,0.136332,-1.095502,0.273423,2109,0.271795,0.267625,0.000573,Negligible effect,False,iv3_health_behaviors_x_mo2_robotics_capabilities_to_dv1_healthcare_access
dv1_healthcare_access,iv3_health_behaviors,mo2_robotics_capabilities,population,-0.000092,0.000024,-3.821385,0.000137,2109,0.271795,0.267625,0.000573,Negligible effect,False,iv3_health_behaviors_x_mo2_robotics_capabilities_to_dv1_healthcare_access
dv1_healthcare_access,iv3_health_behaviors,mo2_robotics_capabilities,div_2,261.749031,70.408683,3.717567,0.000206,2109,0.271795,0.267625,0.000573,Negligible effect,False,iv3_health_behaviors_x_mo2_robotics_capabilities_to_dv1_healthcare_access
dv1_healthcare_access,iv3_health_behaviors,mo2_robotics_capabilities,div_3,465.660947,64.744898,7.192242,0.000000,2109,0.271795,0.267625,0.000573,Negligible effect,False,iv3_health_behaviors_x_mo2_robotics_capabilities_to_dv1_healthcare_access
dv1_healthcare_access,iv3_health_behaviors,mo2_robotics_capabilities,div_4,345.214768,63.983842,5.395343,0.000000,2109,0.271795,0.267625,0.000573,Negligible effect,False,iv3_health_behaviors_x_mo2_robotics_capabilities_to_dv1_healthcare_access
dv1_healthcare_access,iv3_health_behaviors,mo2_robotics_capabilities,div_5,691.381105,66.153393,10.451181,0.000000,2109,0.271795,0.267625,0.000573,Negligible effect,False,iv3_health_behaviors_x_mo2_robotics_capabilities_to_dv1_healthcare_access
dv1_healthcare_access,iv3_health_behaviors,mo2_robotics_capabilities,div_6,238.951089,63.025427,3.791344,0.000154,2109,0.271795,0.267625,0.000573,Negligible effect,False,iv3_health_behaviors_x_mo2_robotics_capabilities_to_dv1_healthcare_access
dv1_healthcare_access,iv3_health_behaviors,mo2_robotics_capabilities,div_7,593.859683,64.846018,9.157998,0.000000,2109,0.271795,0.267625,0.000573,Negligible effect,False,iv3_health_behaviors_x_mo2_robotics_capabilities_to_dv1_healthcare_access
dv1_healthcare_access,iv3_health_behaviors,mo2_robotics_capabilities,div_8,-4.790571,66.527621,-0.072009,0.942602,2109,0.271795,0.267625,0.000573,Negligible effect,False,iv3_health_behaviors_x_mo2_robotics_capabilities_to_dv1_healthcare_access
dv1_healthcare_access,iv3_health_behaviors,mo2_robotics_capabilities,div_9,-29.595224,70.102209,-0.422172,0.672942,2109,0.271795,0.267625,0.000573,Negligible effect,False,iv3_health_behaviors_x_mo2_robotics_capabilities_to_dv1_healthcare_access
dv1_healthcare_access,iv4_social_economic_factors,mo1_genai_capabilities,const,706.427534,72.764460,9.708414,0.000000,2109,0.257839,0.253590,0.000561,Negligible effect,False,iv4_social_economic_factors_x_mo1_genai_capabilities_to_dv1_healthcare_access
dv1_healthcare_access,iv4_social_economic_factors,mo1_genai_capabilities,iv4_social_economic_factors,17.145075,2.967800,5.777031,0.000000,2109,0.257839,0.253590,0.000561,Negligible effect,False,iv4_social_economic_factors_x_mo1_genai_capabilities_to_dv1_healthcare_access
dv1_healthcare_access,iv4_social_economic_factors,mo1_genai_capabilities,mo1_genai_capabilities,16.683637,39.744470,0.419773,0.674695,2109,0.257839,0.253590,0.000561,Negligible effect,False,iv4_social_economic_factors_x_mo1_genai_capabilities_to_dv1_healthcare_access
dv1_healthcare_access,iv4_social_economic_factors,mo1_genai_capabilities,iv4_social_economic_factors_X_mo1_genai_capabilities,-3.289653,3.033757,-1.084350,0.278334,2109,0.257839,0.253590,0.000561,Negligible effect,False,iv4_social_economic_factors_x_mo1_genai_capabilities_to_dv1_healthcare_access
dv1_healthcare_access,iv4_social_economic_factors,mo1_genai_capabilities,population,-0.000100,0.000024,-4.145215,0.000035,2109,0.257839,0.253590,0.000561,Negligible effect,False,iv4_social_economic_factors_x_mo1_genai_capabilities_to_dv1_healthcare_access
dv1_healthcare_access,iv4_social_economic_factors,mo1_genai_capabilities,div_2,260.416121,71.304285,3.652181,0.000266,2109,0.257839,0.253590,0.000561,Negligible effect,False,iv4_social_economic_factors_x_mo1_genai_capabilities_to_dv1_healthcare_access
dv1_healthcare_access,iv4_social_economic_factors,mo1_genai_capabilities,div_3,416.504920,64.292105,6.478321,0.000000,2109,0.257839,0.253590,0.000561,Negligible effect,False,iv4_social_economic_factors_x_mo1_genai_capabilities_to_dv1_healthcare_access
dv1_healthcare_access,iv4_social_economic_factors,mo1_genai_capabilities,div_4,324.339152,64.584845,5.021908,0.000001,2109,0.257839,0.253590,0.000561,Negligible effect,False,iv4_social_economic_factors_x_mo1_genai_capabilities_to_dv1_healthcare_access
dv1_healthcare_access,iv4_social_economic_factors,mo1_genai_capabilities,div_5,660.809349,66.095000,9.997872,0.000000,2109,0.257839,0.253590,0.000561,Negligible effect,False,iv4_social_economic_factors_x_mo1_genai_capabilities_to_dv1_healthcare_access
dv1_healthcare_access,iv4_social_economic_factors,mo1_genai_capabilities,div_6,239.853584,63.686513,3.766160,0.000170,2109,0.257839,0.253590,0.000561,Negligible effect,False,iv4_social_economic_factors_x_mo1_genai_capabilities_to_dv1_healthcare_access
dv1_healthcare_access,iv4_social_economic_factors,mo1_genai_capabilities,div_7,582.228569,64.722475,8.995771,0.000000,2109,0.257839,0.253590,0.000561,Negligible effect,False,iv4_social_economic_factors_x_mo1_genai_capabilities_to_dv1_healthcare_access
dv1_healthcare_access,iv4_social_economic_factors,mo1_genai_capabilities,div_8,-44.550037,67.435569,-0.660631,0.508921,2109,0.257839,0.253590,0.000561,Negligible effect,False,iv4_social_economic_factors_x_mo1_genai_capabilities_to_dv1_healthcare_access
dv1_healthcare_access,iv4_social_economic_factors,mo1_genai_capabilities,div_9,-54.071241,70.903767,-0.762600,0.445788,2109,0.257839,0.253590,0.000561,Negligible effect,False,iv4_social_economic_factors_x_mo1_genai_capabilities_to_dv1_healthcare_access
dv1_healthcare_access,iv4_social_economic_factors,mo2_robotics_capabilities,const,801.811346,74.895508,10.705733,0.000000,2109,0.278176,0.274043,0.000107,Negligible effect,False,iv4_social_economic_factors_x_mo2_robotics_capabilities_to_dv1_healthcare_access
dv1_healthcare_access,iv4_social_economic_factors,mo2_robotics_capabilities,iv4_social_economic_factors,11.530149,3.248220,3.549683,0.000394,2109,0.278176,0.274043,0.000107,Negligible effect,False,iv4_social_economic_factors_x_mo2_robotics_capabilities_to_dv1_healthcare_access
dv1_healthcare_access,iv4_social_economic_factors,mo2_robotics_capabilities,mo2_robotics_capabilities,-27.544098,10.794654,-2.551642,0.010792,2109,0.278176,0.274043,0.000107,Negligible effect,False,iv4_social_economic_factors_x_mo2_robotics_capabilities_to_dv1_healthcare_access
dv1_healthcare_access,iv4_social_economic_factors,mo2_robotics_capabilities,iv4_social_economic_factors_X_mo2_robotics_capabilities,0.391135,0.824147,0.474594,0.635126,2109,0.278176,0.274043,0.000107,Negligible effect,False,iv4_social_economic_factors_x_mo2_robotics_capabilities_to_dv1_healthcare_access
dv1_healthcare_access,iv4_social_economic_factors,mo2_robotics_capabilities,population,-0.000076,0.000024,-3.162319,0.001588,2109,0.278176,0.274043,0.000107,Negligible effect,False,iv4_social_economic_factors_x_mo2_robotics_capabilities_to_dv1_healthcare_access
dv1_healthcare_access,iv4_social_economic_factors,mo2_robotics_capabilities,div_2,279.818460,70.178771,3.987224,0.000069,2109,0.278176,0.274043,0.000107,Negligible effect,False,iv4_social_economic_factors_x_mo2_robotics_capabilities_to_dv1_healthcare_access
dv1_healthcare_access,iv4_social_economic_factors,mo2_robotics_capabilities,div_3,450.362659,63.305636,7.114101,0.000000,2109,0.278176,0.274043,0.000107,Negligible effect,False,iv4_social_economic_factors_x_mo2_robotics_capabilities_to_dv1_healthcare_access
dv1_healthcare_access,iv4_social_economic_factors,mo2_robotics_capabilities,div_4,351.677325,63.590676,5.530328,0.000000,2109,0.278176,0.274043,0.000107,Negligible effect,False,iv4_social_economic_factors_x_mo2_robotics_capabilities_to_dv1_healthcare_access
dv1_healthcare_access,iv4_social_economic_factors,mo2_robotics_capabilities,div_5,673.984782,64.841571,10.394331,0.000000,2109,0.278176,0.274043,0.000107,Negligible effect,False,iv4_social_economic_factors_x_mo2_robotics_capabilities_to_dv1_healthcare_access
dv1_healthcare_access,iv4_social_economic_factors,mo2_robotics_capabilities,div_6,247.600920,62.607428,3.954817,0.000079,2109,0.278176,0.274043,0.000107,Negligible effect,False,iv4_social_economic_factors_x_mo2_robotics_capabilities_to_dv1_healthcare_access
dv1_healthcare_access,iv4_social_economic_factors,mo2_robotics_capabilities,div_7,592.425300,63.587746,9.316658,0.000000,2109,0.278176,0.274043,0.000107,Negligible effect,False,iv4_social_economic_factors_x_mo2_robotics_capabilities_to_dv1_healthcare_access
dv1_healthcare_access,iv4_social_economic_factors,mo2_robotics_capabilities,div_8,-20.932476,66.185631,-0.316269,0.751830,2109,0.278176,0.274043,0.000107,Negligible effect,False,iv4_social_economic_factors_x_mo2_robotics_capabilities_to_dv1_healthcare_access
dv1_healthcare_access,iv4_social_economic_factors,mo2_robotics_capabilities,div_9,-23.490334,69.682930,-0.337103,0.736073,2109,0.278176,0.274043,0.000107,Negligible effect,False,iv4_social_economic_factors_x_mo2_robotics_capabilities_to_dv1_healthcare_access
dv2_healthcare_quality,iv1_public_health_policy,mo1_genai_capabilities,const,3753.219205,205.038839,18.304918,0.000000,2109,0.295038,0.291002,0.000000,Negligible effect,False,iv1_public_health_policy_x_mo1_genai_capabilities_to_dv2_healthcare_quality
dv2_healthcare_quality,iv1_public_health_policy,mo1_genai_capabilities,iv1_public_health_policy,98.358058,72.145411,1.363331,0.172925,2109,0.295038,0.291002,0.000000,Negligible effect,False,iv1_public_health_policy_x_mo1_genai_capabilities_to_dv2_healthcare_quality
dv2_healthcare_quality,iv1_public_health_policy,mo1_genai_capabilities,mo1_genai_capabilities,-143.923557,46.609467,-3.087861,0.002042,2109,0.295038,0.291002,0.000000,Negligible effect,False,iv1_public_health_policy_x_mo1_genai_capabilities_to_dv2_healthcare_quality
dv2_healthcare_quality,iv1_public_health_policy,mo1_genai_capabilities,iv1_public_health_policy_X_mo1_genai_capabilities,-1.512710,61.301712,-0.024676,0.980315,2109,0.295038,0.291002,0.000000,Negligible effect,False,iv1_public_health_policy_x_mo1_genai_capabilities_to_dv2_healthcare_quality
dv2_healthcare_quality,iv1_public_health_policy,mo1_genai_capabilities,population,-0.000569,0.000076,-7.525344,0.000000,2109,0.295038,0.291002,0.000000,Negligible effect,False,iv1_public_health_policy_x_mo1_genai_capabilities_to_dv2_healthcare_quality
dv2_healthcare_quality,iv1_public_health_policy,mo1_genai_capabilities,div_2,290.191545,227.144382,1.277564,0.201545,2109,0.295038,0.291002,0.000000,Negligible effect,False,iv1_public_health_policy_x_mo1_genai_capabilities_to_dv2_healthcare_quality
dv2_healthcare_quality,iv1_public_health_policy,mo1_genai_capabilities,div_3,1749.771891,210.771779,8.301737,0.000000,2109,0.295038,0.291002,0.000000,Negligible effect,False,iv1_public_health_policy_x_mo1_genai_capabilities_to_dv2_healthcare_quality
dv2_healthcare_quality,iv1_public_health_policy,mo1_genai_capabilities,div_4,593.015515,206.511367,2.871588,0.004125,2109,0.295038,0.291002,0.000000,Negligible effect,False,iv1_public_health_policy_x_mo1_genai_capabilities_to_dv2_healthcare_quality
dv2_healthcare_quality,iv1_public_health_policy,mo1_genai_capabilities,div_5,2532.296198,216.417455,11.700979,0.000000,2109,0.295038,0.291002,0.000000,Negligible effect,False,iv1_public_health_policy_x_mo1_genai_capabilities_to_dv2_healthcare_quality
dv2_healthcare_quality,iv1_public_health_policy,mo1_genai_capabilities,div_6,299.878024,207.424734,1.445720,0.148405,2109,0.295038,0.291002,0.000000,Negligible effect,False,iv1_public_health_policy_x_mo1_genai_capabilities_to_dv2_healthcare_quality
dv2_healthcare_quality,iv1_public_health_policy,mo1_genai_capabilities,div_7,1858.936813,211.915279,8.772075,0.000000,2109,0.295038,0.291002,0.000000,Negligible effect,False,iv1_public_health_policy_x_mo1_genai_capabilities_to_dv2_healthcare_quality
dv2_healthcare_quality,iv1_public_health_policy,mo1_genai_capabilities,div_8,1027.874407,216.481868,4.748085,0.000002,2109,0.295038,0.291002,0.000000,Negligible effect,False,iv1_public_health_policy_x_mo1_genai_capabilities_to_dv2_healthcare_quality
dv2_healthcare_quality,iv1_public_health_policy,mo1_genai_capabilities,div_9,314.514852,226.542469,1.388326,0.165185,2109,0.295038,0.291002,0.000000,Negligible effect,False,iv1_public_health_policy_x_mo1_genai_capabilities_to_dv2_healthcare_quality
dv2_healthcare_quality,iv1_public_health_policy,mo2_robotics_capabilities,const,3761.320032,203.199205,18.510506,0.000000,2109,0.312016,0.308077,0.000130,Negligible effect,False,iv1_public_health_policy_x_mo2_robotics_capabilities_to_dv2_healthcare_quality
dv2_healthcare_quality,iv1_public_health_policy,mo2_robotics_capabilities,iv1_public_health_policy,130.108976,76.927297,1.691324,0.090924,2109,0.312016,0.308077,0.000130,Negligible effect,False,iv1_public_health_policy_x_mo2_robotics_capabilities_to_dv2_healthcare_quality
dv2_healthcare_quality,iv1_public_health_policy,mo2_robotics_capabilities,mo2_robotics_capabilities,-69.787362,13.208769,-5.283411,0.000000,2109,0.312016,0.308077,0.000130,Negligible effect,False,iv1_public_health_policy_x_mo2_robotics_capabilities_to_dv2_healthcare_quality
dv2_healthcare_quality,iv1_public_health_policy,mo2_robotics_capabilities,iv1_public_health_policy_X_mo2_robotics_capabilities,-8.978789,17.172093,-0.522871,0.601119,2109,0.312016,0.308077,0.000130,Negligible effect,False,iv1_public_health_policy_x_mo2_robotics_capabilities_to_dv2_healthcare_quality
dv2_healthcare_quality,iv1_public_health_policy,mo2_robotics_capabilities,population,-0.000486,0.000076,-6.436124,0.000000,2109,0.312016,0.308077,0.000130,Negligible effect,False,iv1_public_health_policy_x_mo2_robotics_capabilities_to_dv2_healthcare_quality
dv2_healthcare_quality,iv1_public_health_policy,mo2_robotics_capabilities,div_2,360.580981,224.663554,1.604982,0.108648,2109,0.312016,0.308077,0.000130,Negligible effect,False,iv1_public_health_policy_x_mo2_robotics_capabilities_to_dv2_healthcare_quality
dv2_healthcare_quality,iv1_public_health_policy,mo2_robotics_capabilities,div_3,1865.043124,208.290467,8.954049,0.000000,2109,0.312016,0.308077,0.000130,Negligible effect,False,iv1_public_health_policy_x_mo2_robotics_capabilities_to_dv2_healthcare_quality
dv2_healthcare_quality,iv1_public_health_policy,mo2_robotics_capabilities,div_4,697.396864,204.223806,3.414866,0.000650,2109,0.312016,0.308077,0.000130,Negligible effect,False,iv1_public_health_policy_x_mo2_robotics_capabilities_to_dv2_healthcare_quality
dv2_healthcare_quality,iv1_public_health_policy,mo2_robotics_capabilities,div_5,2592.602824,213.142461,12.163709,0.000000,2109,0.312016,0.308077,0.000130,Negligible effect,False,iv1_public_health_policy_x_mo2_robotics_capabilities_to_dv2_healthcare_quality
dv2_healthcare_quality,iv1_public_health_policy,mo2_robotics_capabilities,div_6,359.799636,204.476065,1.759617,0.078619,2109,0.312016,0.308077,0.000130,Negligible effect,False,iv1_public_health_policy_x_mo2_robotics_capabilities_to_dv2_healthcare_quality
dv2_healthcare_quality,iv1_public_health_policy,mo2_robotics_capabilities,div_7,1913.832507,208.935081,9.159939,0.000000,2109,0.312016,0.308077,0.000130,Negligible effect,False,iv1_public_health_policy_x_mo2_robotics_capabilities_to_dv2_healthcare_quality
dv2_healthcare_quality,iv1_public_health_policy,mo2_robotics_capabilities,div_8,1078.966426,213.204978,5.060700,0.000000,2109,0.312016,0.308077,0.000130,Negligible effect,False,iv1_public_health_policy_x_mo2_robotics_capabilities_to_dv2_healthcare_quality
dv2_healthcare_quality,iv1_public_health_policy,mo2_robotics_capabilities,div_9,436.479537,223.361342,1.954141,0.050817,2109,0.312016,0.308077,0.000130,Negligible effect,False,iv1_public_health_policy_x_mo2_robotics_capabilities_to_dv2_healthcare_quality
dv2_healthcare_quality,iv2_physical_environment,mo1_genai_capabilities,const,3675.314952,253.924386,14.474053,0.000000,2109,0.298357,0.294340,0.002802,Negligible effect,False,iv2_physical_environment_x_mo1_genai_capabilities_to_dv2_healthcare_quality
dv2_healthcare_quality,iv2_physical_environment,mo1_genai_capabilities,iv2_physical_environment,135.109500,86.335698,1.564932,0.117750,2109,0.298357,0.294340,0.002802,Negligible effect,False,iv2_physical_environment_x_mo1_genai_capabilities_to_dv2_healthcare_quality
dv2_healthcare_quality,iv2_physical_environment,mo1_genai_capabilities,mo1_genai_capabilities,-521.481169,157.501963,-3.310950,0.000946,2109,0.298357,0.294340,0.002802,Negligible effect,False,iv2_physical_environment_x_mo1_genai_capabilities_to_dv2_healthcare_quality
dv2_healthcare_quality,iv2_physical_environment,mo1_genai_capabilities,iv2_physical_environment_X_mo1_genai_capabilities,170.077831,70.183977,2.423314,0.015464,2109,0.298357,0.294340,0.002802,Negligible effect,False,iv2_physical_environment_x_mo1_genai_capabilities_to_dv2_healthcare_quality
dv2_healthcare_quality,iv2_physical_environment,mo1_genai_capabilities,population,-0.000637,0.000078,-8.128124,0.000000,2109,0.298357,0.294340,0.002802,Negligible effect,False,iv2_physical_environment_x_mo1_genai_capabilities_to_dv2_healthcare_quality
dv2_healthcare_quality,iv2_physical_environment,mo1_genai_capabilities,div_2,139.208107,231.049036,0.602505,0.546903,2109,0.298357,0.294340,0.002802,Negligible effect,False,iv2_physical_environment_x_mo1_genai_capabilities_to_dv2_healthcare_quality
dv2_healthcare_quality,iv2_physical_environment,mo1_genai_capabilities,div_3,1545.132968,209.310577,7.382011,0.000000,2109,0.298357,0.294340,0.002802,Negligible effect,False,iv2_physical_environment_x_mo1_genai_capabilities_to_dv2_healthcare_quality
dv2_healthcare_quality,iv2_physical_environment,mo1_genai_capabilities,div_4,416.620546,211.534324,1.969517,0.049025,2109,0.298357,0.294340,0.002802,Negligible effect,False,iv2_physical_environment_x_mo1_genai_capabilities_to_dv2_healthcare_quality
dv2_healthcare_quality,iv2_physical_environment,mo1_genai_capabilities,div_5,2316.016295,216.179072,10.713416,0.000000,2109,0.298357,0.294340,0.002802,Negligible effect,False,iv2_physical_environment_x_mo1_genai_capabilities_to_dv2_healthcare_quality
dv2_healthcare_quality,iv2_physical_environment,mo1_genai_capabilities,div_6,163.203982,204.363553,0.798596,0.424615,2109,0.298357,0.294340,0.002802,Negligible effect,False,iv2_physical_environment_x_mo1_genai_capabilities_to_dv2_healthcare_quality
dv2_healthcare_quality,iv2_physical_environment,mo1_genai_capabilities,div_7,1627.777962,213.710366,7.616748,0.000000,2109,0.298357,0.294340,0.002802,Negligible effect,False,iv2_physical_environment_x_mo1_genai_capabilities_to_dv2_healthcare_quality
dv2_healthcare_quality,iv2_physical_environment,mo1_genai_capabilities,div_8,1003.089507,214.818881,4.669466,0.000003,2109,0.298357,0.294340,0.002802,Negligible effect,False,iv2_physical_environment_x_mo1_genai_capabilities_to_dv2_healthcare_quality
dv2_healthcare_quality,iv2_physical_environment,mo1_genai_capabilities,div_9,194.926532,228.850814,0.851762,0.394443,2109,0.298357,0.294340,0.002802,Negligible effect,False,iv2_physical_environment_x_mo1_genai_capabilities_to_dv2_healthcare_quality
dv2_healthcare_quality,iv2_physical_environment,mo2_robotics_capabilities,const,3581.277524,258.159067,13.872368,0.000000,2109,0.314961,0.311039,0.001090,Negligible effect,False,iv2_physical_environment_x_mo2_robotics_capabilities_to_dv2_healthcare_quality
dv2_healthcare_quality,iv2_physical_environment,mo2_robotics_capabilities,iv2_physical_environment,184.698671,92.769070,1.990951,0.046616,2109,0.314961,0.311039,0.001090,Negligible effect,False,iv2_physical_environment_x_mo2_robotics_capabilities_to_dv2_healthcare_quality
dv2_healthcare_quality,iv2_physical_environment,mo2_robotics_capabilities,mo2_robotics_capabilities,-142.674714,44.287623,-3.221548,0.001295,2109,0.314961,0.311039,0.001090,Negligible effect,False,iv2_physical_environment_x_mo2_robotics_capabilities_to_dv2_healthcare_quality
dv2_healthcare_quality,iv2_physical_environment,mo2_robotics_capabilities,iv2_physical_environment_X_mo2_robotics_capabilities,29.488181,19.508783,1.511534,0.130803,2109,0.314961,0.311039,0.001090,Negligible effect,False,iv2_physical_environment_x_mo2_robotics_capabilities_to_dv2_healthcare_quality
dv2_healthcare_quality,iv2_physical_environment,mo2_robotics_capabilities,population,-0.000560,0.000078,-7.163734,0.000000,2109,0.314961,0.311039,0.001090,Negligible effect,False,iv2_physical_environment_x_mo2_robotics_capabilities_to_dv2_healthcare_quality
dv2_healthcare_quality,iv2_physical_environment,mo2_robotics_capabilities,div_2,234.291526,227.261015,1.030936,0.302690,2109,0.314961,0.311039,0.001090,Negligible effect,False,iv2_physical_environment_x_mo2_robotics_capabilities_to_dv2_healthcare_quality
dv2_healthcare_quality,iv2_physical_environment,mo2_robotics_capabilities,div_3,1668.927132,206.110636,8.097239,0.000000,2109,0.314961,0.311039,0.001090,Negligible effect,False,iv2_physical_environment_x_mo2_robotics_capabilities_to_dv2_healthcare_quality
dv2_healthcare_quality,iv2_physical_environment,mo2_robotics_capabilities,div_4,531.358950,208.223718,2.551866,0.010785,2109,0.314961,0.311039,0.001090,Negligible effect,False,iv2_physical_environment_x_mo2_robotics_capabilities_to_dv2_healthcare_quality
dv2_healthcare_quality,iv2_physical_environment,mo2_robotics_capabilities,div_5,2372.570441,212.678416,11.155671,0.000000,2109,0.314961,0.311039,0.001090,Negligible effect,False,iv2_physical_environment_x_mo2_robotics_capabilities_to_dv2_healthcare_quality
dv2_healthcare_quality,iv2_physical_environment,mo2_robotics_capabilities,div_6,252.984494,200.364459,1.262622,0.206866,2109,0.314961,0.311039,0.001090,Negligible effect,False,iv2_physical_environment_x_mo2_robotics_capabilities_to_dv2_healthcare_quality
dv2_healthcare_quality,iv2_physical_environment,mo2_robotics_capabilities,div_7,1672.302127,210.403139,7.948085,0.000000,2109,0.314961,0.311039,0.001090,Negligible effect,False,iv2_physical_environment_x_mo2_robotics_capabilities_to_dv2_healthcare_quality
dv2_healthcare_quality,iv2_physical_environment,mo2_robotics_capabilities,div_8,1086.511771,211.939404,5.126521,0.000000,2109,0.314961,0.311039,0.001090,Negligible effect,False,iv2_physical_environment_x_mo2_robotics_capabilities_to_dv2_healthcare_quality
dv2_healthcare_quality,iv2_physical_environment,mo2_robotics_capabilities,div_9,324.662807,225.246655,1.441366,0.149631,2109,0.314961,0.311039,0.001090,Negligible effect,False,iv2_physical_environment_x_mo2_robotics_capabilities_to_dv2_healthcare_quality
dv2_healthcare_quality,iv3_health_behaviors,mo1_genai_capabilities,const,3258.353255,183.457150,17.760841,0.000000,2109,0.394537,0.391070,0.003811,Negligible effect,False,iv3_health_behaviors_x_mo1_genai_capabilities_to_dv2_healthcare_quality
dv2_healthcare_quality,iv3_health_behaviors,mo1_genai_capabilities,iv3_health_behaviors,29.321931,1.598195,18.346908,0.000000,2109,0.394537,0.391070,0.003811,Negligible effect,False,iv3_health_behaviors_x_mo1_genai_capabilities_to_dv2_healthcare_quality
dv2_healthcare_quality,iv3_health_behaviors,mo1_genai_capabilities,mo1_genai_capabilities,11.668730,61.399463,0.190046,0.849291,2109,0.394537,0.391070,0.003811,Negligible effect,False,iv3_health_behaviors_x_mo1_genai_capabilities_to_dv2_healthcare_quality
dv2_healthcare_quality,iv3_health_behaviors,mo1_genai_capabilities,iv3_health_behaviors_X_mo1_genai_capabilities,-4.997552,1.768308,-2.826177,0.004755,2109,0.394537,0.391070,0.003811,Negligible effect,False,iv3_health_behaviors_x_mo1_genai_capabilities_to_dv2_healthcare_quality
dv2_healthcare_quality,iv3_health_behaviors,mo1_genai_capabilities,population,-0.000780,0.000071,-10.929769,0.000000,2109,0.394537,0.391070,0.003811,Negligible effect,False,iv3_health_behaviors_x_mo1_genai_capabilities_to_dv2_healthcare_quality
dv2_healthcare_quality,iv3_health_behaviors,mo1_genai_capabilities,div_2,151.715292,210.803233,0.719701,0.471789,2109,0.394537,0.391070,0.003811,Negligible effect,False,iv3_health_behaviors_x_mo1_genai_capabilities_to_dv2_healthcare_quality
dv2_healthcare_quality,iv3_health_behaviors,mo1_genai_capabilities,div_3,1039.566899,194.307747,5.350105,0.000000,2109,0.394537,0.391070,0.003811,Negligible effect,False,iv3_health_behaviors_x_mo1_genai_capabilities_to_dv2_healthcare_quality
dv2_healthcare_quality,iv3_health_behaviors,mo1_genai_capabilities,div_4,357.200596,191.880943,1.861574,0.062803,2109,0.394537,0.391070,0.003811,Negligible effect,False,iv3_health_behaviors_x_mo1_genai_capabilities_to_dv2_healthcare_quality
dv2_healthcare_quality,iv3_health_behaviors,mo1_genai_capabilities,div_5,1835.246420,198.678466,9.237269,0.000000,2109,0.394537,0.391070,0.003811,Negligible effect,False,iv3_health_behaviors_x_mo1_genai_capabilities_to_dv2_healthcare_quality
dv2_healthcare_quality,iv3_health_behaviors,mo1_genai_capabilities,div_6,12.500559,189.391403,0.066004,0.947381,2109,0.394537,0.391070,0.003811,Negligible effect,False,iv3_health_behaviors_x_mo1_genai_capabilities_to_dv2_healthcare_quality
dv2_healthcare_quality,iv3_health_behaviors,mo1_genai_capabilities,div_7,1208.976037,194.814094,6.205793,0.000000,2109,0.394537,0.391070,0.003811,Negligible effect,False,iv3_health_behaviors_x_mo1_genai_capabilities_to_dv2_healthcare_quality
dv2_healthcare_quality,iv3_health_behaviors,mo1_genai_capabilities,div_8,756.520694,199.392008,3.794137,0.000152,2109,0.394537,0.391070,0.003811,Negligible effect,False,iv3_health_behaviors_x_mo1_genai_capabilities_to_dv2_healthcare_quality
dv2_healthcare_quality,iv3_health_behaviors,mo1_genai_capabilities,div_9,88.305371,210.430723,0.419641,0.674791,2109,0.394537,0.391070,0.003811,Negligible effect,False,iv3_health_behaviors_x_mo1_genai_capabilities_to_dv2_healthcare_quality
dv2_healthcare_quality,iv3_health_behaviors,mo2_robotics_capabilities,const,3348.221195,179.729421,18.629233,0.000000,2109,0.418484,0.415154,0.000174,Negligible effect,False,iv3_health_behaviors_x_mo2_robotics_capabilities_to_dv2_healthcare_quality
dv2_healthcare_quality,iv3_health_behaviors,mo2_robotics_capabilities,iv3_health_behaviors,29.851547,1.742568,17.130783,0.000000,2109,0.418484,0.415154,0.000174,Negligible effect,False,iv3_health_behaviors_x_mo2_robotics_capabilities_to_dv2_healthcare_quality
dv2_healthcare_quality,iv3_health_behaviors,mo2_robotics_capabilities,mo2_robotics_capabilities,-79.657837,15.938887,-4.997704,0.000001,2109,0.418484,0.415154,0.000174,Negligible effect,False,iv3_health_behaviors_x_mo2_robotics_capabilities_to_dv2_healthcare_quality
dv2_healthcare_quality,iv3_health_behaviors,mo2_robotics_capabilities,iv3_health_behaviors_X_mo2_robotics_capabilities,-0.241803,0.400000,-0.604507,0.545572,2109,0.418484,0.415154,0.000174,Negligible effect,False,iv3_health_behaviors_x_mo2_robotics_capabilities_to_dv2_healthcare_quality
dv2_healthcare_quality,iv3_health_behaviors,mo2_robotics_capabilities,population,-0.000706,0.000070,-10.027979,0.000000,2109,0.418484,0.415154,0.000174,Negligible effect,False,iv3_health_behaviors_x_mo2_robotics_capabilities_to_dv2_healthcare_quality
dv2_healthcare_quality,iv3_health_behaviors,mo2_robotics_capabilities,div_2,201.184364,206.579898,0.973882,0.330228,2109,0.418484,0.415154,0.000174,Negligible effect,False,iv3_health_behaviors_x_mo2_robotics_capabilities_to_dv2_healthcare_quality
dv2_healthcare_quality,iv3_health_behaviors,mo2_robotics_capabilities,div_3,1087.919072,189.962287,5.727027,0.000000,2109,0.418484,0.415154,0.000174,Negligible effect,False,iv3_health_behaviors_x_mo2_robotics_capabilities_to_dv2_healthcare_quality
dv2_healthcare_quality,iv3_health_behaviors,mo2_robotics_capabilities,div_4,421.719122,187.729340,2.246421,0.024781,2109,0.418484,0.415154,0.000174,Negligible effect,False,iv3_health_behaviors_x_mo2_robotics_capabilities_to_dv2_healthcare_quality
dv2_healthcare_quality,iv3_health_behaviors,mo2_robotics_capabilities,div_5,1825.730438,194.094826,9.406384,0.000000,2109,0.418484,0.415154,0.000174,Negligible effect,False,iv3_health_behaviors_x_mo2_robotics_capabilities_to_dv2_healthcare_quality
dv2_healthcare_quality,iv3_health_behaviors,mo2_robotics_capabilities,div_6,11.349829,184.917337,0.061378,0.951064,2109,0.418484,0.415154,0.000174,Negligible effect,False,iv3_health_behaviors_x_mo2_robotics_capabilities_to_dv2_healthcare_quality
dv2_healthcare_quality,iv3_health_behaviors,mo2_robotics_capabilities,div_7,1182.930597,190.258972,6.217476,0.000000,2109,0.418484,0.415154,0.000174,Negligible effect,False,iv3_health_behaviors_x_mo2_robotics_capabilities_to_dv2_healthcare_quality
dv2_healthcare_quality,iv3_health_behaviors,mo2_robotics_capabilities,div_8,770.577477,195.192817,3.947776,0.000081,2109,0.418484,0.415154,0.000174,Negligible effect,False,iv3_health_behaviors_x_mo2_robotics_capabilities_to_dv2_healthcare_quality
dv2_healthcare_quality,iv3_health_behaviors,mo2_robotics_capabilities,div_9,170.771481,205.680699,0.830275,0.406478,2109,0.418484,0.415154,0.000174,Negligible effect,False,iv3_health_behaviors_x_mo2_robotics_capabilities_to_dv2_healthcare_quality
dv2_healthcare_quality,iv4_social_economic_factors,mo1_genai_capabilities,const,-146.734879,169.357744,-0.866420,0.386359,2109,0.627047,0.624912,0.002717,Negligible effect,False,iv4_social_economic_factors_x_mo1_genai_capabilities_to_dv2_healthcare_quality
dv2_healthcare_quality,iv4_social_economic_factors,mo1_genai_capabilities,iv4_social_economic_factors,284.516722,6.907493,41.189579,0.000000,2109,0.627047,0.624912,0.002717,Negligible effect,False,iv4_social_economic_factors_x_mo1_genai_capabilities_to_dv2_healthcare_quality
dv2_healthcare_quality,iv4_social_economic_factors,mo1_genai_capabilities,mo1_genai_capabilities,161.976156,92.504414,1.751010,0.080090,2109,0.627047,0.624912,0.002717,Negligible effect,False,iv4_social_economic_factors_x_mo1_genai_capabilities_to_dv2_healthcare_quality
dv2_healthcare_quality,iv4_social_economic_factors,mo1_genai_capabilities,iv4_social_economic_factors_X_mo1_genai_capabilities,-16.850816,7.061004,-2.386462,0.017100,2109,0.627047,0.624912,0.002717,Negligible effect,False,iv4_social_economic_factors_x_mo1_genai_capabilities_to_dv2_healthcare_quality
dv2_healthcare_quality,iv4_social_economic_factors,mo1_genai_capabilities,population,-0.000100,0.000056,-1.785639,0.074302,2109,0.627047,0.624912,0.002717,Negligible effect,False,iv4_social_economic_factors_x_mo1_genai_capabilities_to_dv2_healthcare_quality
dv2_healthcare_quality,iv4_social_economic_factors,mo1_genai_capabilities,div_2,739.791296,165.959216,4.457669,0.000009,2109,0.627047,0.624912,0.002717,Negligible effect,False,iv4_social_economic_factors_x_mo1_genai_capabilities_to_dv2_healthcare_quality
dv2_healthcare_quality,iv4_social_economic_factors,mo1_genai_capabilities,div_3,1566.636346,149.638516,10.469473,0.000000,2109,0.627047,0.624912,0.002717,Negligible effect,False,iv4_social_economic_factors_x_mo1_genai_capabilities_to_dv2_healthcare_quality
dv2_healthcare_quality,iv4_social_economic_factors,mo1_genai_capabilities,div_4,835.150546,150.319863,5.555823,0.000000,2109,0.627047,0.624912,0.002717,Negligible effect,False,iv4_social_economic_factors_x_mo1_genai_capabilities_to_dv2_healthcare_quality
dv2_healthcare_quality,iv4_social_economic_factors,mo1_genai_capabilities,div_5,2205.101420,153.834716,14.334225,0.000000,2109,0.627047,0.624912,0.002717,Negligible effect,False,iv4_social_economic_factors_x_mo1_genai_capabilities_to_dv2_healthcare_quality
dv2_healthcare_quality,iv4_social_economic_factors,mo1_genai_capabilities,div_6,535.197971,148.229013,3.610615,0.000313,2109,0.627047,0.624912,0.002717,Negligible effect,False,iv4_social_economic_factors_x_mo1_genai_capabilities_to_dv2_healthcare_quality
dv2_healthcare_quality,iv4_social_economic_factors,mo1_genai_capabilities,div_7,1855.744485,150.640193,12.319053,0.000000,2109,0.627047,0.624912,0.002717,Negligible effect,False,iv4_social_economic_factors_x_mo1_genai_capabilities_to_dv2_healthcare_quality
dv2_healthcare_quality,iv4_social_economic_factors,mo1_genai_capabilities,div_8,647.719855,156.954862,4.126791,0.000038,2109,0.627047,0.624912,0.002717,Negligible effect,False,iv4_social_economic_factors_x_mo1_genai_capabilities_to_dv2_healthcare_quality
dv2_healthcare_quality,iv4_social_economic_factors,mo1_genai_capabilities,div_9,517.875427,165.027021,3.138125,0.001724,2109,0.627047,0.624912,0.002717,Negligible effect,False,iv4_social_economic_factors_x_mo1_genai_capabilities_to_dv2_healthcare_quality
dv2_healthcare_quality,iv4_social_economic_factors,mo2_robotics_capabilities,const,-55.907915,176.753414,-0.316305,0.751803,2109,0.627059,0.624924,0.000008,Negligible effect,False,iv4_social_economic_factors_x_mo2_robotics_capabilities_to_dv2_healthcare_quality
dv2_healthcare_quality,iv4_social_economic_factors,mo2_robotics_capabilities,iv4_social_economic_factors,276.387800,7.665799,36.054664,0.000000,2109,0.627059,0.624924,0.000008,Negligible effect,False,iv4_social_economic_factors_x_mo2_robotics_capabilities_to_dv2_healthcare_quality
dv2_healthcare_quality,iv4_social_economic_factors,mo2_robotics_capabilities,mo2_robotics_capabilities,-18.660411,25.475386,-0.732488,0.463953,2109,0.627059,0.624924,0.000008,Negligible effect,False,iv4_social_economic_factors_x_mo2_robotics_capabilities_to_dv2_healthcare_quality
dv2_healthcare_quality,iv4_social_economic_factors,mo2_robotics_capabilities,iv4_social_economic_factors_X_mo2_robotics_capabilities,-0.253509,1.944986,-0.130340,0.896310,2109,0.627059,0.624924,0.000008,Negligible effect,False,iv4_social_economic_factors_x_mo2_robotics_capabilities_to_dv2_healthcare_quality
dv2_healthcare_quality,iv4_social_economic_factors,mo2_robotics_capabilities,population,-0.000078,0.000057,-1.370755,0.170598,2109,0.627059,0.624924,0.000008,Negligible effect,False,iv4_social_economic_factors_x_mo2_robotics_capabilities_to_dv2_healthcare_quality
dv2_healthcare_quality,iv4_social_economic_factors,mo2_robotics_capabilities,div_2,780.884463,165.621913,4.714862,0.000003,2109,0.627059,0.624924,0.000008,Negligible effect,False,iv4_social_economic_factors_x_mo2_robotics_capabilities_to_dv2_healthcare_quality
dv2_healthcare_quality,iv4_social_economic_factors,mo2_robotics_capabilities,div_3,1624.169418,149.401313,10.871186,0.000000,2109,0.627059,0.624924,0.000008,Negligible effect,False,iv4_social_economic_factors_x_mo2_robotics_capabilities_to_dv2_healthcare_quality
dv2_healthcare_quality,iv4_social_economic_factors,mo2_robotics_capabilities,div_4,885.243747,150.074007,5.898715,0.000000,2109,0.627059,0.624924,0.000008,Negligible effect,False,iv4_social_economic_factors_x_mo2_robotics_capabilities_to_dv2_healthcare_quality
dv2_healthcare_quality,iv4_social_economic_factors,mo2_robotics_capabilities,div_5,2252.910408,153.026121,14.722391,0.000000,2109,0.627059,0.624924,0.000008,Negligible effect,False,iv4_social_economic_factors_x_mo2_robotics_capabilities_to_dv2_healthcare_quality
dv2_healthcare_quality,iv4_social_economic_factors,mo2_robotics_capabilities,div_6,568.815665,147.753544,3.849760,0.000122,2109,0.627059,0.624924,0.000008,Negligible effect,False,iv4_social_economic_factors_x_mo2_robotics_capabilities_to_dv2_healthcare_quality
dv2_healthcare_quality,iv4_social_economic_factors,mo2_robotics_capabilities,div_7,1895.406416,150.067094,12.630393,0.000000,2109,0.627059,0.624924,0.000008,Negligible effect,False,iv4_social_economic_factors_x_mo2_robotics_capabilities_to_dv2_healthcare_quality
dv2_healthcare_quality,iv4_social_economic_factors,mo2_robotics_capabilities,div_8,704.219571,156.198102,4.508503,0.000007,2109,0.627059,0.624924,0.000008,Negligible effect,False,iv4_social_economic_factors_x_mo2_robotics_capabilities_to_dv2_healthcare_quality
dv2_healthcare_quality,iv4_social_economic_factors,mo2_robotics_capabilities,div_9,579.754382,164.451729,3.525377,0.000432,2109,0.627059,0.624924,0.000008,Negligible effect,False,iv4_social_economic_factors_x_mo2_robotics_capabilities_to_dv2_healthcare_quality
dv3_operational_efficiency,iv1_public_health_policy,mo1_genai_capabilities,const,-0.047705,0.030313,-1.573770,0.115691,2109,0.098908,0.093749,0.004274,Negligible effect,False,iv1_public_health_policy_x_mo1_genai_capabilities_to_dv3_operational_efficiency
dv3_operational_efficiency,iv1_public_health_policy,mo1_genai_capabilities,iv1_public_health_policy,0.018484,0.010666,1.732998,0.083243,2109,0.098908,0.093749,0.004274,Negligible effect,False,iv1_public_health_policy_x_mo1_genai_capabilities_to_dv3_operational_efficiency
dv3_operational_efficiency,iv1_public_health_policy,mo1_genai_capabilities,mo1_genai_capabilities,0.039014,0.006891,5.661805,0.000000,2109,0.098908,0.093749,0.004274,Negligible effect,False,iv1_public_health_policy_x_mo1_genai_capabilities_to_dv3_operational_efficiency
dv3_operational_efficiency,iv1_public_health_policy,mo1_genai_capabilities,iv1_public_health_policy_X_mo1_genai_capabilities,-0.027127,0.009063,-2.993195,0.002793,2109,0.098908,0.093749,0.004274,Negligible effect,False,iv1_public_health_policy_x_mo1_genai_capabilities_to_dv3_operational_efficiency
dv3_operational_efficiency,iv1_public_health_policy,mo1_genai_capabilities,population,0.000000,0.000000,2.887278,0.003926,2109,0.098908,0.093749,0.004274,Negligible effect,False,iv1_public_health_policy_x_mo1_genai_capabilities_to_dv3_operational_efficiency
dv3_operational_efficiency,iv1_public_health_policy,mo1_genai_capabilities,div_2,0.034850,0.033581,1.037794,0.299486,2109,0.098908,0.093749,0.004274,Negligible effect,False,iv1_public_health_policy_x_mo1_genai_capabilities_to_dv3_operational_efficiency
dv3_operational_efficiency,iv1_public_health_policy,mo1_genai_capabilities,div_3,0.144379,0.031160,4.633423,0.000004,2109,0.098908,0.093749,0.004274,Negligible effect,False,iv1_public_health_policy_x_mo1_genai_capabilities_to_dv3_operational_efficiency
dv3_operational_efficiency,iv1_public_health_policy,mo1_genai_capabilities,div_4,0.115656,0.030531,3.788211,0.000156,2109,0.098908,0.093749,0.004274,Negligible effect,False,iv1_public_health_policy_x_mo1_genai_capabilities_to_dv3_operational_efficiency
dv3_operational_efficiency,iv1_public_health_policy,mo1_genai_capabilities,div_5,0.088804,0.031995,2.775558,0.005560,2109,0.098908,0.093749,0.004274,Negligible effect,False,iv1_public_health_policy_x_mo1_genai_capabilities_to_dv3_operational_efficiency
dv3_operational_efficiency,iv1_public_health_policy,mo1_genai_capabilities,div_6,0.033593,0.030666,1.095448,0.273446,2109,0.098908,0.093749,0.004274,Negligible effect,False,iv1_public_health_policy_x_mo1_genai_capabilities_to_dv3_operational_efficiency
dv3_operational_efficiency,iv1_public_health_policy,mo1_genai_capabilities,div_7,-0.028526,0.031329,-0.910506,0.362660,2109,0.098908,0.093749,0.004274,Negligible effect,False,iv1_public_health_policy_x_mo1_genai_capabilities_to_dv3_operational_efficiency
dv3_operational_efficiency,iv1_public_health_policy,mo1_genai_capabilities,div_8,0.094257,0.032005,2.945126,0.003264,2109,0.098908,0.093749,0.004274,Negligible effect,False,iv1_public_health_policy_x_mo1_genai_capabilities_to_dv3_operational_efficiency
dv3_operational_efficiency,iv1_public_health_policy,mo1_genai_capabilities,div_9,0.043867,0.033492,1.309781,0.190413,2109,0.098908,0.093749,0.004274,Negligible effect,False,iv1_public_health_policy_x_mo1_genai_capabilities_to_dv3_operational_efficiency
dv3_operational_efficiency,iv1_public_health_policy,mo2_robotics_capabilities,const,-0.056656,0.030209,-1.875425,0.060873,2109,0.110709,0.105618,0.006405,Negligible effect,False,iv1_public_health_policy_x_mo2_robotics_capabilities_to_dv3_operational_efficiency
dv3_operational_efficiency,iv1_public_health_policy,mo2_robotics_capabilities,iv1_public_health_policy,0.027068,0.011437,2.366764,0.018035,2109,0.110709,0.105618,0.006405,Negligible effect,False,iv1_public_health_policy_x_mo2_robotics_capabilities_to_dv3_operational_efficiency
dv3_operational_efficiency,iv1_public_health_policy,mo2_robotics_capabilities,mo2_robotics_capabilities,0.014628,0.001964,7.448917,0.000000,2109,0.110709,0.105618,0.006405,Negligible effect,False,iv1_public_health_policy_x_mo2_robotics_capabilities_to_dv3_operational_efficiency
dv3_operational_efficiency,iv1_public_health_policy,mo2_robotics_capabilities,iv1_public_health_policy_X_mo2_robotics_capabilities,-0.009354,0.002553,-3.664019,0.000254,2109,0.110709,0.105618,0.006405,Negligible effect,False,iv1_public_health_policy_x_mo2_robotics_capabilities_to_dv3_operational_efficiency
dv3_operational_efficiency,iv1_public_health_policy,mo2_robotics_capabilities,population,0.000000,0.000000,2.097293,0.036087,2109,0.110709,0.105618,0.006405,Negligible effect,False,iv1_public_health_policy_x_mo2_robotics_capabilities_to_dv3_operational_efficiency
dv3_operational_efficiency,iv1_public_health_policy,mo2_robotics_capabilities,div_2,0.030564,0.033401,0.915065,0.360263,2109,0.110709,0.105618,0.006405,Negligible effect,False,iv1_public_health_policy_x_mo2_robotics_capabilities_to_dv3_operational_efficiency
dv3_operational_efficiency,iv1_public_health_policy,mo2_robotics_capabilities,div_3,0.130898,0.030966,4.227099,0.000025,2109,0.110709,0.105618,0.006405,Negligible effect,False,iv1_public_health_policy_x_mo2_robotics_capabilities_to_dv3_operational_efficiency
dv3_operational_efficiency,iv1_public_health_policy,mo2_robotics_capabilities,div_4,0.106050,0.030362,3.492864,0.000488,2109,0.110709,0.105618,0.006405,Negligible effect,False,iv1_public_health_policy_x_mo2_robotics_capabilities_to_dv3_operational_efficiency
dv3_operational_efficiency,iv1_public_health_policy,mo2_robotics_capabilities,div_5,0.083351,0.031688,2.630394,0.008591,2109,0.110709,0.105618,0.006405,Negligible effect,False,iv1_public_health_policy_x_mo2_robotics_capabilities_to_dv3_operational_efficiency
dv3_operational_efficiency,iv1_public_health_policy,mo2_robotics_capabilities,div_6,0.032149,0.030399,1.057554,0.290381,2109,0.110709,0.105618,0.006405,Negligible effect,False,iv1_public_health_policy_x_mo2_robotics_capabilities_to_dv3_operational_efficiency
dv3_operational_efficiency,iv1_public_health_policy,mo2_robotics_capabilities,div_7,-0.034033,0.031062,-1.095634,0.273365,2109,0.110709,0.105618,0.006405,Negligible effect,False,iv1_public_health_policy_x_mo2_robotics_capabilities_to_dv3_operational_efficiency
dv3_operational_efficiency,iv1_public_health_policy,mo2_robotics_capabilities,div_8,0.093033,0.031697,2.935059,0.003371,2109,0.110709,0.105618,0.006405,Negligible effect,False,iv1_public_health_policy_x_mo2_robotics_capabilities_to_dv3_operational_efficiency
dv3_operational_efficiency,iv1_public_health_policy,mo2_robotics_capabilities,div_9,0.035513,0.033207,1.069449,0.284990,2109,0.110709,0.105618,0.006405,Negligible effect,False,iv1_public_health_policy_x_mo2_robotics_capabilities_to_dv3_operational_efficiency
dv3_operational_efficiency,iv2_physical_environment,mo1_genai_capabilities,const,-0.143395,0.037521,-3.821735,0.000136,2109,0.104061,0.098932,0.005972,Negligible effect,False,iv2_physical_environment_x_mo1_genai_capabilities_to_dv3_operational_efficiency
dv3_operational_efficiency,iv2_physical_environment,mo1_genai_capabilities,iv2_physical_environment,0.051165,0.012757,4.010635,0.000063,2109,0.104061,0.098932,0.005972,Negligible effect,False,iv2_physical_environment_x_mo1_genai_capabilities_to_dv3_operational_efficiency
dv3_operational_efficiency,iv2_physical_environment,mo1_genai_capabilities,mo1_genai_capabilities,0.103672,0.023273,4.454592,0.000009,2109,0.104061,0.098932,0.005972,Negligible effect,False,iv2_physical_environment_x_mo1_genai_capabilities_to_dv3_operational_efficiency
dv3_operational_efficiency,iv2_physical_environment,mo1_genai_capabilities,iv2_physical_environment_X_mo1_genai_capabilities,-0.036692,0.010371,-3.538025,0.000412,2109,0.104061,0.098932,0.005972,Negligible effect,False,iv2_physical_environment_x_mo1_genai_capabilities_to_dv3_operational_efficiency
dv3_operational_efficiency,iv2_physical_environment,mo1_genai_capabilities,population,0.000000,0.000000,2.288710,0.022195,2109,0.104061,0.098932,0.005972,Negligible effect,False,iv2_physical_environment_x_mo1_genai_capabilities_to_dv3_operational_efficiency
dv3_operational_efficiency,iv2_physical_environment,mo1_genai_capabilities,div_2,0.028666,0.034141,0.839630,0.401212,2109,0.104061,0.098932,0.005972,Negligible effect,False,iv2_physical_environment_x_mo1_genai_capabilities_to_dv3_operational_efficiency
dv3_operational_efficiency,iv2_physical_environment,mo1_genai_capabilities,div_3,0.131504,0.030929,4.251849,0.000022,2109,0.104061,0.098932,0.005972,Negligible effect,False,iv2_physical_environment_x_mo1_genai_capabilities_to_dv3_operational_efficiency
dv3_operational_efficiency,iv2_physical_environment,mo1_genai_capabilities,div_4,0.103191,0.031257,3.301356,0.000978,2109,0.104061,0.098932,0.005972,Negligible effect,False,iv2_physical_environment_x_mo1_genai_capabilities_to_dv3_operational_efficiency
dv3_operational_efficiency,iv2_physical_environment,mo1_genai_capabilities,div_5,0.070383,0.031944,2.203351,0.027678,2109,0.104061,0.098932,0.005972,Negligible effect,False,iv2_physical_environment_x_mo1_genai_capabilities_to_dv3_operational_efficiency
dv3_operational_efficiency,iv2_physical_environment,mo1_genai_capabilities,div_6,0.041186,0.030198,1.363872,0.172754,2109,0.104061,0.098932,0.005972,Negligible effect,False,iv2_physical_environment_x_mo1_genai_capabilities_to_dv3_operational_efficiency
dv3_operational_efficiency,iv2_physical_environment,mo1_genai_capabilities,div_7,-0.049956,0.031579,-1.581952,0.113811,2109,0.104061,0.098932,0.005972,Negligible effect,False,iv2_physical_environment_x_mo1_genai_capabilities_to_dv3_operational_efficiency
dv3_operational_efficiency,iv2_physical_environment,mo1_genai_capabilities,div_8,0.111843,0.031743,3.523438,0.000435,2109,0.104061,0.098932,0.005972,Negligible effect,False,iv2_physical_environment_x_mo1_genai_capabilities_to_dv3_operational_efficiency
dv3_operational_efficiency,iv2_physical_environment,mo1_genai_capabilities,div_9,0.040229,0.033816,1.189646,0.234320,2109,0.104061,0.098932,0.005972,Negligible effect,False,iv2_physical_environment_x_mo1_genai_capabilities_to_dv3_operational_efficiency
dv3_operational_efficiency,iv2_physical_environment,mo2_robotics_capabilities,const,-0.092728,0.038528,-2.406779,0.016180,2109,0.107698,0.102589,0.000003,Negligible effect,False,iv2_physical_environment_x_mo2_robotics_capabilities_to_dv3_operational_efficiency
dv3_operational_efficiency,iv2_physical_environment,mo2_robotics_capabilities,iv2_physical_environment,0.030999,0.013845,2.239053,0.025257,2109,0.107698,0.102589,0.000003,Negligible effect,False,iv2_physical_environment_x_mo2_robotics_capabilities_to_dv3_operational_efficiency
dv3_operational_efficiency,iv2_physical_environment,mo2_robotics_capabilities,mo2_robotics_capabilities,0.008369,0.006610,1.266138,0.205604,2109,0.107698,0.102589,0.000003,Negligible effect,False,iv2_physical_environment_x_mo2_robotics_capabilities_to_dv3_operational_efficiency
dv3_operational_efficiency,iv2_physical_environment,mo2_robotics_capabilities,iv2_physical_environment_X_mo2_robotics_capabilities,0.000246,0.002912,0.084389,0.932755,2109,0.107698,0.102589,0.000003,Negligible effect,False,iv2_physical_environment_x_mo2_robotics_capabilities_to_dv3_operational_efficiency
dv3_operational_efficiency,iv2_physical_environment,mo2_robotics_capabilities,population,0.000000,0.000000,1.313860,0.189037,2109,0.107698,0.102589,0.000003,Negligible effect,False,iv2_physical_environment_x_mo2_robotics_capabilities_to_dv3_operational_efficiency
dv3_operational_efficiency,iv2_physical_environment,mo2_robotics_capabilities,div_2,0.011545,0.033917,0.340381,0.733604,2109,0.107698,0.102589,0.000003,Negligible effect,False,iv2_physical_environment_x_mo2_robotics_capabilities_to_dv3_operational_efficiency
dv3_operational_efficiency,iv2_physical_environment,mo2_robotics_capabilities,div_3,0.111847,0.030760,3.636102,0.000283,2109,0.107698,0.102589,0.000003,Negligible effect,False,iv2_physical_environment_x_mo2_robotics_capabilities_to_dv3_operational_efficiency
dv3_operational_efficiency,iv2_physical_environment,mo2_robotics_capabilities,div_4,0.084223,0.031075,2.710281,0.006777,2109,0.107698,0.102589,0.000003,Negligible effect,False,iv2_physical_environment_x_mo2_robotics_capabilities_to_dv3_operational_efficiency
dv3_operational_efficiency,iv2_physical_environment,mo2_robotics_capabilities,div_5,0.058306,0.031740,1.836986,0.066354,2109,0.107698,0.102589,0.000003,Negligible effect,False,iv2_physical_environment_x_mo2_robotics_capabilities_to_dv3_operational_efficiency
dv3_operational_efficiency,iv2_physical_environment,mo2_robotics_capabilities,div_6,0.021307,0.029903,0.712549,0.476204,2109,0.107698,0.102589,0.000003,Negligible effect,False,iv2_physical_environment_x_mo2_robotics_capabilities_to_dv3_operational_efficiency
dv3_operational_efficiency,iv2_physical_environment,mo2_robotics_capabilities,div_7,-0.060612,0.031401,-1.930272,0.053708,2109,0.107698,0.102589,0.000003,Negligible effect,False,iv2_physical_environment_x_mo2_robotics_capabilities_to_dv3_operational_efficiency
dv3_operational_efficiency,iv2_physical_environment,mo2_robotics_capabilities,div_8,0.098024,0.031630,3.099092,0.001967,2109,0.107698,0.102589,0.000003,Negligible effect,False,iv2_physical_environment_x_mo2_robotics_capabilities_to_dv3_operational_efficiency
dv3_operational_efficiency,iv2_physical_environment,mo2_robotics_capabilities,div_9,0.018520,0.033616,0.550937,0.581736,2109,0.107698,0.102589,0.000003,Negligible effect,False,iv2_physical_environment_x_mo2_robotics_capabilities_to_dv3_operational_efficiency
dv3_operational_efficiency,iv3_health_behaviors,mo1_genai_capabilities,const,-0.037787,0.029331,-1.288296,0.197785,2109,0.094914,0.089732,0.000092,Negligible effect,False,iv3_health_behaviors_x_mo1_genai_capabilities_to_dv3_operational_efficiency
dv3_operational_efficiency,iv3_health_behaviors,mo1_genai_capabilities,iv3_health_behaviors,-0.000061,0.000256,-0.239876,0.810450,2109,0.094914,0.089732,0.000092,Negligible effect,False,iv3_health_behaviors_x_mo1_genai_capabilities_to_dv3_operational_efficiency
dv3_operational_efficiency,iv3_health_behaviors,mo1_genai_capabilities,mo1_genai_capabilities,0.027302,0.009816,2.781211,0.005464,2109,0.094914,0.089732,0.000092,Negligible effect,False,iv3_health_behaviors_x_mo1_genai_capabilities_to_dv3_operational_efficiency
dv3_operational_efficiency,iv3_health_behaviors,mo1_genai_capabilities,iv3_health_behaviors_X_mo1_genai_capabilities,-0.000124,0.000283,-0.439602,0.660270,2109,0.094914,0.089732,0.000092,Negligible effect,False,iv3_health_behaviors_x_mo1_genai_capabilities_to_dv3_operational_efficiency
dv3_operational_efficiency,iv3_health_behaviors,mo1_genai_capabilities,population,0.000000,0.000000,2.884027,0.003966,2109,0.094914,0.089732,0.000092,Negligible effect,False,iv3_health_behaviors_x_mo1_genai_capabilities_to_dv3_operational_efficiency
dv3_operational_efficiency,iv3_health_behaviors,mo1_genai_capabilities,div_2,0.035485,0.033703,1.052892,0.292512,2109,0.094914,0.089732,0.000092,Negligible effect,False,iv3_health_behaviors_x_mo1_genai_capabilities_to_dv3_operational_efficiency
dv3_operational_efficiency,iv3_health_behaviors,mo1_genai_capabilities,div_3,0.144800,0.031066,4.661092,0.000003,2109,0.094914,0.089732,0.000092,Negligible effect,False,iv3_health_behaviors_x_mo1_genai_capabilities_to_dv3_operational_efficiency
dv3_operational_efficiency,iv3_health_behaviors,mo1_genai_capabilities,div_4,0.116662,0.030678,3.802849,0.000147,2109,0.094914,0.089732,0.000092,Negligible effect,False,iv3_health_behaviors_x_mo1_genai_capabilities_to_dv3_operational_efficiency
dv3_operational_efficiency,iv3_health_behaviors,mo1_genai_capabilities,div_5,0.088692,0.031764,2.792187,0.005283,2109,0.094914,0.089732,0.000092,Negligible effect,False,iv3_health_behaviors_x_mo1_genai_capabilities_to_dv3_operational_efficiency
dv3_operational_efficiency,iv3_health_behaviors,mo1_genai_capabilities,div_6,0.034882,0.030280,1.151988,0.249457,2109,0.094914,0.089732,0.000092,Negligible effect,False,iv3_health_behaviors_x_mo1_genai_capabilities_to_dv3_operational_efficiency
dv3_operational_efficiency,iv3_health_behaviors,mo1_genai_capabilities,div_7,-0.028595,0.031147,-0.918083,0.358681,2109,0.094914,0.089732,0.000092,Negligible effect,False,iv3_health_behaviors_x_mo1_genai_capabilities_to_dv3_operational_efficiency
dv3_operational_efficiency,iv3_health_behaviors,mo1_genai_capabilities,div_8,0.100167,0.031878,3.142142,0.001701,2109,0.094914,0.089732,0.000092,Negligible effect,False,iv3_health_behaviors_x_mo1_genai_capabilities_to_dv3_operational_efficiency
dv3_operational_efficiency,iv3_health_behaviors,mo1_genai_capabilities,div_9,0.050127,0.033643,1.489962,0.136385,2109,0.094914,0.089732,0.000092,Negligible effect,False,iv3_health_behaviors_x_mo1_genai_capabilities_to_dv3_operational_efficiency
dv3_operational_efficiency,iv3_health_behaviors,mo2_robotics_capabilities,const,-0.036319,0.029150,-1.245942,0.212925,2109,0.105408,0.100287,0.000171,Negligible effect,False,iv3_health_behaviors_x_mo2_robotics_capabilities_to_dv3_operational_efficiency
dv3_operational_efficiency,iv3_health_behaviors,mo2_robotics_capabilities,iv3_health_behaviors,-0.000162,0.000283,-0.572726,0.566892,2109,0.105408,0.100287,0.000171,Negligible effect,False,iv3_health_behaviors_x_mo2_robotics_capabilities_to_dv3_operational_efficiency
dv3_operational_efficiency,iv3_health_behaviors,mo2_robotics_capabilities,mo2_robotics_capabilities,0.010688,0.002585,4.134477,0.000037,2109,0.105408,0.100287,0.000171,Negligible effect,False,iv3_health_behaviors_x_mo2_robotics_capabilities_to_dv3_operational_efficiency
dv3_operational_efficiency,iv3_health_behaviors,mo2_robotics_capabilities,iv3_health_behaviors_X_mo2_robotics_capabilities,-0.000039,0.000065,-0.597942,0.549943,2109,0.105408,0.100287,0.000171,Negligible effect,False,iv3_health_behaviors_x_mo2_robotics_capabilities_to_dv3_operational_efficiency
dv3_operational_efficiency,iv3_health_behaviors,mo2_robotics_capabilities,population,0.000000,0.000000,2.190746,0.028580,2109,0.105408,0.100287,0.000171,Negligible effect,False,iv3_health_behaviors_x_mo2_robotics_capabilities_to_dv3_operational_efficiency
dv3_operational_efficiency,iv3_health_behaviors,mo2_robotics_capabilities,div_2,0.027590,0.033505,0.823466,0.410337,2109,0.105408,0.100287,0.000171,Negligible effect,False,iv3_health_behaviors_x_mo2_robotics_capabilities_to_dv3_operational_efficiency
dv3_operational_efficiency,iv3_health_behaviors,mo2_robotics_capabilities,div_3,0.133430,0.030810,4.330791,0.000016,2109,0.105408,0.100287,0.000171,Negligible effect,False,iv3_health_behaviors_x_mo2_robotics_capabilities_to_dv3_operational_efficiency
dv3_operational_efficiency,iv3_health_behaviors,mo2_robotics_capabilities,div_4,0.104085,0.030448,3.418496,0.000642,2109,0.105408,0.100287,0.000171,Negligible effect,False,iv3_health_behaviors_x_mo2_robotics_capabilities_to_dv3_operational_efficiency
dv3_operational_efficiency,iv3_health_behaviors,mo2_robotics_capabilities,div_5,0.082557,0.031480,2.622525,0.008791,2109,0.105408,0.100287,0.000171,Negligible effect,False,iv3_health_behaviors_x_mo2_robotics_capabilities_to_dv3_operational_efficiency
dv3_operational_efficiency,iv3_health_behaviors,mo2_robotics_capabilities,div_6,0.027629,0.029991,0.921229,0.357037,2109,0.105408,0.100287,0.000171,Negligible effect,False,iv3_health_behaviors_x_mo2_robotics_capabilities_to_dv3_operational_efficiency
dv3_operational_efficiency,iv3_health_behaviors,mo2_robotics_capabilities,div_7,-0.034262,0.030858,-1.110310,0.266993,2109,0.105408,0.100287,0.000171,Negligible effect,False,iv3_health_behaviors_x_mo2_robotics_capabilities_to_dv3_operational_efficiency
dv3_operational_efficiency,iv3_health_behaviors,mo2_robotics_capabilities,div_8,0.094089,0.031658,2.972044,0.002992,2109,0.105408,0.100287,0.000171,Negligible effect,False,iv3_health_behaviors_x_mo2_robotics_capabilities_to_dv3_operational_efficiency
dv3_operational_efficiency,iv3_health_behaviors,mo2_robotics_capabilities,div_9,0.033469,0.033359,1.003309,0.315828,2109,0.105408,0.100287,0.000171,Negligible effect,False,iv3_health_behaviors_x_mo2_robotics_capabilities_to_dv3_operational_efficiency
dv3_operational_efficiency,iv4_social_economic_factors,mo1_genai_capabilities,const,0.125217,0.033895,3.694225,0.000226,2109,0.126325,0.121323,0.000560,Negligible effect,False,iv4_social_economic_factors_x_mo1_genai_capabilities_to_dv3_operational_efficiency
dv3_operational_efficiency,iv4_social_economic_factors,mo1_genai_capabilities,iv4_social_economic_factors,-0.011687,0.001382,-8.453378,0.000000,2109,0.126325,0.121323,0.000560,Negligible effect,False,iv4_social_economic_factors_x_mo1_genai_capabilities_to_dv3_operational_efficiency
dv3_operational_efficiency,iv4_social_economic_factors,mo1_genai_capabilities,mo1_genai_capabilities,0.000342,0.018514,0.018469,0.985266,2109,0.126325,0.121323,0.000560,Negligible effect,False,iv4_social_economic_factors_x_mo1_genai_capabilities_to_dv3_operational_efficiency
dv3_operational_efficiency,iv4_social_economic_factors,mo1_genai_capabilities,iv4_social_economic_factors_X_mo1_genai_capabilities,0.001531,0.001413,1.083441,0.278737,2109,0.126325,0.121323,0.000560,Negligible effect,False,iv4_social_economic_factors_x_mo1_genai_capabilities_to_dv3_operational_efficiency
dv3_operational_efficiency,iv4_social_economic_factors,mo1_genai_capabilities,population,0.000000,0.000000,1.176767,0.239422,2109,0.126325,0.121323,0.000560,Negligible effect,False,iv4_social_economic_factors_x_mo1_genai_capabilities_to_dv3_operational_efficiency
dv3_operational_efficiency,iv4_social_economic_factors,mo1_genai_capabilities,div_2,0.017791,0.033215,0.535631,0.592270,2109,0.126325,0.121323,0.000560,Negligible effect,False,iv4_social_economic_factors_x_mo1_genai_capabilities_to_dv3_operational_efficiency
dv3_operational_efficiency,iv4_social_economic_factors,mo1_genai_capabilities,div_3,0.147250,0.029949,4.916716,0.000001,2109,0.126325,0.121323,0.000560,Negligible effect,False,iv4_social_economic_factors_x_mo1_genai_capabilities_to_dv3_operational_efficiency
dv3_operational_efficiency,iv4_social_economic_factors,mo1_genai_capabilities,div_4,0.105583,0.030085,3.509464,0.000458,2109,0.126325,0.121323,0.000560,Negligible effect,False,iv4_social_economic_factors_x_mo1_genai_capabilities_to_dv3_operational_efficiency
dv3_operational_efficiency,iv4_social_economic_factors,mo1_genai_capabilities,div_5,0.097591,0.030789,3.169716,0.001548,2109,0.126325,0.121323,0.000560,Negligible effect,False,iv4_social_economic_factors_x_mo1_genai_capabilities_to_dv3_operational_efficiency
dv3_operational_efficiency,iv4_social_economic_factors,mo1_genai_capabilities,div_6,0.022270,0.029667,0.750668,0.452937,2109,0.126325,0.121323,0.000560,Negligible effect,False,iv4_social_economic_factors_x_mo1_genai_capabilities_to_dv3_operational_efficiency
dv3_operational_efficiency,iv4_social_economic_factors,mo1_genai_capabilities,div_7,-0.032947,0.030149,-1.092784,0.274614,2109,0.126325,0.121323,0.000560,Negligible effect,False,iv4_social_economic_factors_x_mo1_genai_capabilities_to_dv3_operational_efficiency
dv3_operational_efficiency,iv4_social_economic_factors,mo1_genai_capabilities,div_8,0.114473,0.031413,3.644115,0.000275,2109,0.126325,0.121323,0.000560,Negligible effect,False,iv4_social_economic_factors_x_mo1_genai_capabilities_to_dv3_operational_efficiency
dv3_operational_efficiency,iv4_social_economic_factors,mo1_genai_capabilities,div_9,0.041671,0.033029,1.261654,0.207214,2109,0.126325,0.121323,0.000560,Negligible effect,False,iv4_social_economic_factors_x_mo1_genai_capabilities_to_dv3_operational_efficiency
dv3_operational_efficiency,iv4_social_economic_factors,mo2_robotics_capabilities,const,0.132108,0.035251,3.747641,0.000183,2109,0.132497,0.127530,0.002243,Negligible effect,False,iv4_social_economic_factors_x_mo2_robotics_capabilities_to_dv3_operational_efficiency
dv3_operational_efficiency,iv4_social_economic_factors,mo2_robotics_capabilities,iv4_social_economic_factors,-0.012022,0.001529,-7.863757,0.000000,2109,0.132497,0.127530,0.002243,Negligible effect,False,iv4_social_economic_factors_x_mo2_robotics_capabilities_to_dv3_operational_efficiency
dv3_operational_efficiency,iv4_social_economic_factors,mo2_robotics_capabilities,mo2_robotics_capabilities,-0.003378,0.005081,-0.664870,0.506207,2109,0.132497,0.127530,0.002243,Negligible effect,False,iv4_social_economic_factors_x_mo2_robotics_capabilities_to_dv3_operational_efficiency
dv3_operational_efficiency,iv4_social_economic_factors,mo2_robotics_capabilities,iv4_social_economic_factors_X_mo2_robotics_capabilities,0.000841,0.000388,2.168152,0.030259,2109,0.132497,0.127530,0.002243,Negligible effect,False,iv4_social_economic_factors_x_mo2_robotics_capabilities_to_dv3_operational_efficiency
dv3_operational_efficiency,iv4_social_economic_factors,mo2_robotics_capabilities,population,0.000000,0.000000,0.806254,0.420188,2109,0.132497,0.127530,0.002243,Negligible effect,False,iv4_social_economic_factors_x_mo2_robotics_capabilities_to_dv3_operational_efficiency
dv3_operational_efficiency,iv4_social_economic_factors,mo2_robotics_capabilities,div_2,0.010738,0.033031,0.325081,0.745153,2109,0.132497,0.127530,0.002243,Negligible effect,False,iv4_social_economic_factors_x_mo2_robotics_capabilities_to_dv3_operational_efficiency
dv3_operational_efficiency,iv4_social_economic_factors,mo2_robotics_capabilities,div_3,0.133197,0.029796,4.470291,0.000008,2109,0.132497,0.127530,0.002243,Negligible effect,False,iv4_social_economic_factors_x_mo2_robotics_capabilities_to_dv3_operational_efficiency
dv3_operational_efficiency,iv4_social_economic_factors,mo2_robotics_capabilities,div_4,0.093294,0.029930,3.117059,0.001851,2109,0.132497,0.127530,0.002243,Negligible effect,False,iv4_social_economic_factors_x_mo2_robotics_capabilities_to_dv3_operational_efficiency
dv3_operational_efficiency,iv4_social_economic_factors,mo2_robotics_capabilities,div_5,0.086603,0.030519,2.837683,0.004588,2109,0.132497,0.127530,0.002243,Negligible effect,False,iv4_social_economic_factors_x_mo2_robotics_capabilities_to_dv3_operational_efficiency
dv3_operational_efficiency,iv4_social_economic_factors,mo2_robotics_capabilities,div_6,0.015215,0.029467,0.516323,0.605684,2109,0.132497,0.127530,0.002243,Negligible effect,False,iv4_social_economic_factors_x_mo2_robotics_capabilities_to_dv3_operational_efficiency
dv3_operational_efficiency,iv4_social_economic_factors,mo2_robotics_capabilities,div_7,-0.040182,0.029929,-1.342600,0.179547,2109,0.132497,0.127530,0.002243,Negligible effect,False,iv4_social_economic_factors_x_mo2_robotics_capabilities_to_dv3_operational_efficiency
dv3_operational_efficiency,iv4_social_economic_factors,mo2_robotics_capabilities,div_8,0.106345,0.031152,3.413810,0.000653,2109,0.132497,0.127530,0.002243,Negligible effect,False,iv4_social_economic_factors_x_mo2_robotics_capabilities_to_dv3_operational_efficiency
dv3_operational_efficiency,iv4_social_economic_factors,mo2_robotics_capabilities,div_9,0.027685,0.032798,0.844104,0.398707,2109,0.132497,0.127530,0.002243,Negligible effect,False,iv4_social_economic_factors_x_mo2_robotics_capabilities_to_dv3_operational_efficiency
