model_description,outcome_variable,variable,coefficient,std_err,p_value,ci_lower,ci_upper,vif
IV_Scores+MO_Scores -> DV1 (dv1_clinical_care_score),dv1_clinical_care_score,const,796.7746,124.5728,0.0000,552.5216,1041.0277,
IV_Scores+MO_Scores -> DV1 (dv1_clinical_care_score),dv1_clinical_care_score,iv1_medicaid_expansion_active,22.9828,20.9509,0.2727,-18.0962,64.0619,2.7777
IV_Scores+MO_Scores -> DV1 (dv1_clinical_care_score),dv1_clinical_care_score,iv2_physical_environment_score,394.1183,27.3450,0.0000,340.5023,447.7342,44.6520
IV_Scores+MO_Scores -> DV1 (dv1_clinical_care_score),dv1_clinical_care_score,iv3_health_behaviors_score,-0.7145,0.4640,0.1238,-1.6243,0.1954,4.0954
IV_Scores+MO_Scores -> DV1 (dv1_clinical_care_score),dv1_clinical_care_score,iv4_social_economic_factors_score,11.7008,2.7580,0.0000,6.2932,17.1085,14.0893
IV_Scores+MO_Scores -> DV1 (dv1_clinical_care_score),dv1_clinical_care_score,mo1_genai_capabilities_score,-15.5233,11.0316,0.1595,-37.1531,6.1065,1.2999
IV_Scores+MO_Scores -> DV1 (dv1_clinical_care_score),dv1_clinical_care_score,mo2_robotics_capabilities_score,-27.2743,3.3295,0.0000,-33.8026,-20.7460,1.7203
IV_Scores+MO_Scores -> DV1 (dv1_clinical_care_score),dv1_clinical_care_score,log_population,-64.3702,8.2963,0.0000,-80.6371,-48.1034,51.7046
IV_Scores+MO_Scores -> DV1 (dv1_clinical_care_score),dv1_clinical_care_score,div_2,152.4722,78.7281,0.0529,-1.8920,306.8364,2.9717
IV_Scores+MO_Scores -> DV1 (dv1_clinical_care_score),dv1_clinical_care_score,div_3,361.0048,72.3482,0.0000,219.1499,502.8596,8.5787
IV_Scores+MO_Scores -> DV1 (dv1_clinical_care_score),dv1_clinical_care_score,div_4,203.6917,72.3706,0.0049,61.7929,345.5905,6.5039
IV_Scores+MO_Scores -> DV1 (dv1_clinical_care_score),dv1_clinical_care_score,div_5,503.6778,75.2193,0.0000,356.1935,651.1621,5.9483
IV_Scores+MO_Scores -> DV1 (dv1_clinical_care_score),dv1_clinical_care_score,div_6,178.0656,72.0641,0.0135,36.7676,319.3635,7.0634
IV_Scores+MO_Scores -> DV1 (dv1_clinical_care_score),dv1_clinical_care_score,div_7,324.2879,75.1714,0.0000,176.8976,471.6783,7.1296
IV_Scores+MO_Scores -> DV1 (dv1_clinical_care_score),dv1_clinical_care_score,div_8,5.4073,73.7953,0.9416,-139.2850,150.0996,3.8241
IV_Scores+MO_Scores -> DV1 (dv1_clinical_care_score),dv1_clinical_care_score,div_9,-242.4865,77.9798,0.0019,-395.3834,-89.5895,3.1208
IV_Scores+MO_Scores -> DV2 (dv2_health_outcomes_score),dv2_health_outcomes_score,const,695.3337,232.2983,0.0028,239.8607,1150.8068,
IV_Scores+MO_Scores -> DV2 (dv2_health_outcomes_score),dv2_health_outcomes_score,iv1_medicaid_expansion_active,-34.0449,39.0685,0.3836,-110.6474,42.5576,2.7777
IV_Scores+MO_Scores -> DV2 (dv2_health_outcomes_score),dv2_health_outcomes_score,iv2_physical_environment_score,459.9872,50.9918,0.0000,360.0063,559.9680,44.6520
IV_Scores+MO_Scores -> DV2 (dv2_health_outcomes_score),dv2_health_outcomes_score,iv3_health_behaviors_score,27.4885,0.8653,0.0000,25.7919,29.1852,4.0954
IV_Scores+MO_Scores -> DV2 (dv2_health_outcomes_score),dv2_health_outcomes_score,iv4_social_economic_factors_score,263.3042,5.1430,0.0000,253.2202,273.3882,14.0893
IV_Scores+MO_Scores -> DV2 (dv2_health_outcomes_score),dv2_health_outcomes_score,mo1_genai_capabilities_score,-16.9321,20.5712,0.4105,-57.2665,23.4024,1.2999
IV_Scores+MO_Scores -> DV2 (dv2_health_outcomes_score),dv2_health_outcomes_score,mo2_robotics_capabilities_score,-22.9242,6.2088,0.0002,-35.0979,-10.7506,1.7203
IV_Scores+MO_Scores -> DV2 (dv2_health_outcomes_score),dv2_health_outcomes_score,log_population,-172.7118,15.4707,0.0000,-203.0455,-142.3781,51.7046
IV_Scores+MO_Scores -> DV2 (dv2_health_outcomes_score),dv2_health_outcomes_score,div_2,465.1325,146.8090,0.0015,177.2805,752.9846,2.9717
IV_Scores+MO_Scores -> DV2 (dv2_health_outcomes_score),dv2_health_outcomes_score,div_3,717.7603,134.9119,0.0000,453.2351,982.2855,8.5787
IV_Scores+MO_Scores -> DV2 (dv2_health_outcomes_score),dv2_health_outcomes_score,div_4,372.6482,134.9537,0.0058,108.0412,637.2552,6.5039
IV_Scores+MO_Scores -> DV2 (dv2_health_outcomes_score),dv2_health_outcomes_score,div_5,1236.5431,140.2658,0.0000,961.5204,1511.5658,5.9483
IV_Scores+MO_Scores -> DV2 (dv2_health_outcomes_score),dv2_health_outcomes_score,div_6,107.3440,134.3822,0.4245,-156.1426,370.8306,7.0634
IV_Scores+MO_Scores -> DV2 (dv2_health_outcomes_score),dv2_health_outcomes_score,div_7,797.5423,140.1765,0.0000,522.6948,1072.3898,7.1296
IV_Scores+MO_Scores -> DV2 (dv2_health_outcomes_score),dv2_health_outcomes_score,div_8,365.7745,137.6105,0.0079,95.9582,635.5907,3.8241
IV_Scores+MO_Scores -> DV2 (dv2_health_outcomes_score),dv2_health_outcomes_score,div_9,37.9756,145.4135,0.7940,-247.1404,323.0915,3.1208
IV_Scores+MO_Scores -> DV3 (dv3_operational_efficiency_margin),dv3_operational_efficiency_margin,const,-0.3392,0.0597,0.0000,-0.4563,-0.2220,
IV_Scores+MO_Scores -> DV3 (dv3_operational_efficiency_margin),dv3_operational_efficiency_margin,iv1_medicaid_expansion_active,0.0062,0.0098,0.5226,-0.0129,0.0254,2.8843
IV_Scores+MO_Scores -> DV3 (dv3_operational_efficiency_margin),dv3_operational_efficiency_margin,iv2_physical_environment_score,-0.0074,0.0123,0.5474,-0.0314,0.0167,43.3669
IV_Scores+MO_Scores -> DV3 (dv3_operational_efficiency_margin),dv3_operational_efficiency_margin,iv3_health_behaviors_score,-0.0006,0.0002,0.0081,-0.0011,-0.0002,5.1725
IV_Scores+MO_Scores -> DV3 (dv3_operational_efficiency_margin),dv3_operational_efficiency_margin,iv4_social_economic_factors_score,-0.0062,0.0013,0.0000,-0.0088,-0.0035,14.2084
IV_Scores+MO_Scores -> DV3 (dv3_operational_efficiency_margin),dv3_operational_efficiency_margin,mo1_genai_capabilities_score,0.0113,0.0045,0.0128,0.0024,0.0201,1.3378
IV_Scores+MO_Scores -> DV3 (dv3_operational_efficiency_margin),dv3_operational_efficiency_margin,mo2_robotics_capabilities_score,0.0022,0.0014,0.1106,-0.0005,0.0050,1.8690
IV_Scores+MO_Scores -> DV3 (dv3_operational_efficiency_margin),dv3_operational_efficiency_margin,log_population,0.0359,0.0040,0.0000,0.0280,0.0438,52.2396
IV_Scores+MO_Scores -> DV3 (dv3_operational_efficiency_margin),dv3_operational_efficiency_margin,div_2,0.0181,0.0329,0.5816,-0.0463,0.0825,3.0975
IV_Scores+MO_Scores -> DV3 (dv3_operational_efficiency_margin),dv3_operational_efficiency_margin,div_3,0.1767,0.0311,0.0000,0.1158,0.2377,6.9194
IV_Scores+MO_Scores -> DV3 (dv3_operational_efficiency_margin),dv3_operational_efficiency_margin,div_4,0.1356,0.0305,0.0000,0.0758,0.1953,6.2066
IV_Scores+MO_Scores -> DV3 (dv3_operational_efficiency_margin),dv3_operational_efficiency_margin,div_5,0.1430,0.0322,0.0000,0.0799,0.2061,5.4254
IV_Scores+MO_Scores -> DV3 (dv3_operational_efficiency_margin),dv3_operational_efficiency_margin,div_6,0.0973,0.0306,0.0015,0.0373,0.1573,6.4008
IV_Scores+MO_Scores -> DV3 (dv3_operational_efficiency_margin),dv3_operational_efficiency_margin,div_7,0.0260,0.0320,0.4170,-0.0368,0.0889,6.4976
IV_Scores+MO_Scores -> DV3 (dv3_operational_efficiency_margin),dv3_operational_efficiency_margin,div_8,0.1556,0.0312,0.0000,0.0944,0.2168,3.7401
IV_Scores+MO_Scores -> DV3 (dv3_operational_efficiency_margin),dv3_operational_efficiency_margin,div_9,0.0518,0.0327,0.1133,-0.0123,0.1160,3.1545
IV_Scores+MO_Scores -> DV21 (dv21_premature_death_ypll_rate),dv21_premature_death_ypll_rate,const,1280.0375,486.9834,0.0086,325.1904,2234.8845,
IV_Scores+MO_Scores -> DV21 (dv21_premature_death_ypll_rate),dv21_premature_death_ypll_rate,iv1_medicaid_expansion_active,-77.5486,78.9886,0.3263,-232.4245,77.3273,2.7833
IV_Scores+MO_Scores -> DV21 (dv21_premature_death_ypll_rate),dv21_premature_death_ypll_rate,iv2_physical_environment_score,929.7133,103.0547,0.0000,727.6500,1131.7766,44.9223
IV_Scores+MO_Scores -> DV21 (dv21_premature_death_ypll_rate),dv21_premature_death_ypll_rate,iv3_health_behaviors_score,55.4512,1.7496,0.0000,52.0206,58.8818,4.1034
IV_Scores+MO_Scores -> DV21 (dv21_premature_death_ypll_rate),dv21_premature_death_ypll_rate,iv4_social_economic_factors_score,529.0817,10.4447,0.0000,508.6024,549.5610,13.9534
IV_Scores+MO_Scores -> DV21 (dv21_premature_death_ypll_rate),dv21_premature_death_ypll_rate,mo1_genai_capabilities_score,-31.8981,41.2694,0.4396,-112.8166,49.0204,1.3004
IV_Scores+MO_Scores -> DV21 (dv21_premature_death_ypll_rate),dv21_premature_death_ypll_rate,mo2_robotics_capabilities_score,-45.6664,12.4883,0.0003,-70.1527,-21.1801,1.7219
IV_Scores+MO_Scores -> DV21 (dv21_premature_death_ypll_rate),dv21_premature_death_ypll_rate,log_population,-340.4716,32.7533,0.0000,-404.6923,-276.2510,53.1398
IV_Scores+MO_Scores -> DV21 (dv21_premature_death_ypll_rate),dv21_premature_death_ypll_rate,div_2,925.1687,294.5260,0.0017,347.6803,1502.6572,3.0340
IV_Scores+MO_Scores -> DV21 (dv21_premature_death_ypll_rate),dv21_premature_death_ypll_rate,div_3,1417.2930,270.8705,0.0000,886.1867,1948.3993,8.7775
IV_Scores+MO_Scores -> DV21 (dv21_premature_death_ypll_rate),dv21_premature_death_ypll_rate,div_4,739.8257,270.9066,0.0064,208.6486,1271.0027,6.6515
IV_Scores+MO_Scores -> DV21 (dv21_premature_death_ypll_rate),dv21_premature_death_ypll_rate,div_5,2453.2521,281.6811,0.0000,1900.9491,3005.5551,6.0624
IV_Scores+MO_Scores -> DV21 (dv21_premature_death_ypll_rate),dv21_premature_death_ypll_rate,div_6,194.7172,270.3269,0.4714,-335.3232,724.7577,7.0951
IV_Scores+MO_Scores -> DV21 (dv21_premature_death_ypll_rate),dv21_premature_death_ypll_rate,div_7,1615.3939,281.6105,0.0000,1063.2295,2167.5584,7.1871
IV_Scores+MO_Scores -> DV21 (dv21_premature_death_ypll_rate),dv21_premature_death_ypll_rate,div_8,673.4594,277.3294,0.0152,129.6889,1217.2298,3.8094
IV_Scores+MO_Scores -> DV21 (dv21_premature_death_ypll_rate),dv21_premature_death_ypll_rate,div_9,38.6424,292.9573,0.8951,-535.7702,613.0550,3.1211
IV_Components+MO_Components+Controls -> DV1 (dv1_clinical_care_score),dv1_clinical_care_score,const,776.3290,430.6968,0.0716,-68.1988,1620.8568,
IV_Components+MO_Components+Controls -> DV1 (dv1_clinical_care_score),dv1_clinical_care_score,iv41_high_school_completion,-1155.8985,305.8440,0.0002,-1755.6098,-556.1871,566.4595
IV_Components+MO_Components+Controls -> DV1 (dv1_clinical_care_score),dv1_clinical_care_score,iv42_some_college,-102.7036,156.5797,0.5119,-409.7314,204.3243,122.5207
IV_Components+MO_Components+Controls -> DV1 (dv1_clinical_care_score),dv1_clinical_care_score,iv43_unemployment,3089.0526,1006.2749,0.0022,1115.9079,5062.1973,20.7202
IV_Components+MO_Components+Controls -> DV1 (dv1_clinical_care_score),dv1_clinical_care_score,iv44_children_in_poverty,-459.7919,251.7110,0.0679,-953.3571,33.7732,39.7675
IV_Components+MO_Components+Controls -> DV1 (dv1_clinical_care_score),dv1_clinical_care_score,iv45_income_inequality,16.2142,15.8331,0.3059,-14.8319,47.2603,74.8333
IV_Components+MO_Components+Controls -> DV1 (dv1_clinical_care_score),dv1_clinical_care_score,iv46_children_single_parent,-34.3868,148.4450,0.8168,-325.4639,256.6902,21.6056
IV_Components+MO_Components+Controls -> DV1 (dv1_clinical_care_score),dv1_clinical_care_score,iv47_social_associations,-5.6229,2.1286,0.0083,-9.7967,-1.4491,9.6117
IV_Components+MO_Components+Controls -> DV1 (dv1_clinical_care_score),dv1_clinical_care_score,iv48_injury_deaths,-1.1462,0.4398,0.0092,-2.0085,-0.2839,26.8301
IV_Components+MO_Components+Controls -> DV1 (dv1_clinical_care_score),dv1_clinical_care_score,iv31_adult_smoking,2533.5885,508.6215,0.0000,1536.2628,3530.9142,141.7581
IV_Components+MO_Components+Controls -> DV1 (dv1_clinical_care_score),dv1_clinical_care_score,iv32_adult_obesity,370.7272,361.6951,0.3055,-338.4993,1079.9537,259.5458
IV_Components+MO_Components+Controls -> DV1 (dv1_clinical_care_score),dv1_clinical_care_score,iv33_food_environment_index,51.9111,12.9570,0.0001,26.5044,77.3177,120.7974
IV_Components+MO_Components+Controls -> DV1 (dv1_clinical_care_score),dv1_clinical_care_score,iv34_physical_inactivity,1040.7607,516.6085,0.0440,27.7737,2053.7477,229.4127
IV_Components+MO_Components+Controls -> DV1 (dv1_clinical_care_score),dv1_clinical_care_score,iv35_access_exercise_ops,-251.3432,54.0311,0.0000,-357.2897,-145.3968,18.0500
IV_Components+MO_Components+Controls -> DV1 (dv1_clinical_care_score),dv1_clinical_care_score,iv36_excessive_drinking,126.7239,505.4437,0.8021,-864.3707,1117.8186,90.5409
IV_Components+MO_Components+Controls -> DV1 (dv1_clinical_care_score),dv1_clinical_care_score,iv37_alcohol_driving_deaths,-74.8012,69.7130,0.2834,-211.4972,61.8948,6.0161
IV_Components+MO_Components+Controls -> DV1 (dv1_clinical_care_score),dv1_clinical_care_score,iv38_sti,-0.0006,0.0538,0.9914,-0.1061,0.1049,8.0920
IV_Components+MO_Components+Controls -> DV1 (dv1_clinical_care_score),dv1_clinical_care_score,iv39_teen_births,4.4444,1.4360,0.0020,1.6286,7.2601,18.7703
IV_Components+MO_Components+Controls -> DV1 (dv1_clinical_care_score),dv1_clinical_care_score,iv21_air_pollution_pm,27.7581,7.7376,0.0003,12.5859,42.9303,52.7713
IV_Components+MO_Components+Controls -> DV1 (dv1_clinical_care_score),dv1_clinical_care_score,iv22_drinking_water_violations,71.2503,18.6834,0.0001,34.6152,107.8855,1.9092
IV_Components+MO_Components+Controls -> DV1 (dv1_clinical_care_score),dv1_clinical_care_score,iv23_severe_housing_problems,-422.5121,359.0387,0.2394,-1126.5298,281.5055,31.3298
IV_Components+MO_Components+Controls -> DV1 (dv1_clinical_care_score),dv1_clinical_care_score,iv24_driving_alone_work,381.8681,183.7180,0.0378,21.6264,742.1098,283.4402
IV_Components+MO_Components+Controls -> DV1 (dv1_clinical_care_score),dv1_clinical_care_score,iv25_long_commute_driving_alone,1211.7566,89.8583,0.0000,1035.5588,1387.9543,14.3614
IV_Components+MO_Components+Controls -> DV1 (dv1_clinical_care_score),dv1_clinical_care_score,mo11_ai_automate_routine_tasks,-0.7751,0.6139,0.2068,-1.9788,0.4285,3.6193
IV_Components+MO_Components+Controls -> DV1 (dv1_clinical_care_score),dv1_clinical_care_score,mo12_ai_optimize_workflows,-0.2797,0.5981,0.6401,-1.4524,0.8931,3.8689
IV_Components+MO_Components+Controls -> DV1 (dv1_clinical_care_score),dv1_clinical_care_score,mo13_ai_predict_patient_demand,-0.0055,0.6989,0.9938,-1.3759,1.3650,3.5548
IV_Components+MO_Components+Controls -> DV1 (dv1_clinical_care_score),dv1_clinical_care_score,mo14_ai_predict_staffing_needs,0.1739,0.8018,0.8283,-1.3983,1.7461,4.4324
IV_Components+MO_Components+Controls -> DV1 (dv1_clinical_care_score),dv1_clinical_care_score,mo15_ai_staff_scheduling,0.1269,0.6632,0.8482,-1.1735,1.4273,2.8400
IV_Components+MO_Components+Controls -> DV1 (dv1_clinical_care_score),dv1_clinical_care_score,mo21_robotics_in_hospital,-0.8662,0.2917,0.0030,-1.4381,-0.2942,1.9987
IV_Components+MO_Components+Controls -> DV1 (dv1_clinical_care_score),dv1_clinical_care_score,div_2,66.0385,72.5408,0.3627,-76.2024,208.2794,3.8916
IV_Components+MO_Components+Controls -> DV1 (dv1_clinical_care_score),dv1_clinical_care_score,div_3,149.6636,68.6621,0.0294,15.0282,284.2989,11.8800
IV_Components+MO_Components+Controls -> DV1 (dv1_clinical_care_score),dv1_clinical_care_score,div_4,119.5168,69.2764,0.0846,-16.3231,255.3567,10.5494
IV_Components+MO_Components+Controls -> DV1 (dv1_clinical_care_score),dv1_clinical_care_score,div_5,117.6685,73.3910,0.1090,-26.2396,261.5765,9.6497
IV_Components+MO_Components+Controls -> DV1 (dv1_clinical_care_score),dv1_clinical_care_score,div_6,163.0022,70.8711,0.0215,24.0353,301.9692,12.6863
IV_Components+MO_Components+Controls -> DV1 (dv1_clinical_care_score),dv1_clinical_care_score,div_7,155.2658,71.6152,0.0302,14.8397,295.6918,11.3817
IV_Components+MO_Components+Controls -> DV1 (dv1_clinical_care_score),dv1_clinical_care_score,div_8,54.8140,68.3513,0.4227,-79.2121,188.8401,5.1324
IV_Components+MO_Components+Controls -> DV1 (dv1_clinical_care_score),dv1_clinical_care_score,div_9,-93.7468,77.0861,0.2240,-244.9004,57.4068,3.5679
IV_Components+MO_Components+Controls -> DV1 (dv1_clinical_care_score),dv1_clinical_care_score,iv1_medicaid_expansion_active,-32.1732,21.9235,0.1423,-75.1616,10.8152,3.4872
IV_Components+MO_Components+Controls -> DV1 (dv1_clinical_care_score),dv1_clinical_care_score,log_population,-43.9777,11.5575,0.0001,-66.6401,-21.3154,198.8287
IV_Components+MO_Components+Controls -> DV2 (dv2_health_outcomes_score),dv2_health_outcomes_score,const,-2223.2651,652.2893,0.0007,-3502.3006,-944.2296,
IV_Components+MO_Components+Controls -> DV2 (dv2_health_outcomes_score),dv2_health_outcomes_score,iv41_high_school_completion,362.4790,463.2000,0.4340,-545.7825,1270.7405,566.4595
IV_Components+MO_Components+Controls -> DV2 (dv2_health_outcomes_score),dv2_health_outcomes_score,iv42_some_college,1144.0588,237.1396,0.0000,679.0658,1609.0517,122.5207
IV_Components+MO_Components+Controls -> DV2 (dv2_health_outcomes_score),dv2_health_outcomes_score,iv43_unemployment,139.4423,1524.0010,0.9271,-2848.8809,3127.7656,20.7202
IV_Components+MO_Components+Controls -> DV2 (dv2_health_outcomes_score),dv2_health_outcomes_score,iv44_children_in_poverty,2572.7708,381.2157,0.0000,1825.2675,3320.2742,39.7675
IV_Components+MO_Components+Controls -> DV2 (dv2_health_outcomes_score),dv2_health_outcomes_score,iv45_income_inequality,50.1769,23.9791,0.0365,3.1576,97.1962,74.8333
IV_Components+MO_Components+Controls -> DV2 (dv2_health_outcomes_score),dv2_health_outcomes_score,iv46_children_single_parent,772.2165,224.8196,0.0006,331.3810,1213.0520,21.6056
IV_Components+MO_Components+Controls -> DV2 (dv2_health_outcomes_score),dv2_health_outcomes_score,iv47_social_associations,-11.3695,3.2237,0.0004,-17.6907,-5.0483,9.6117
IV_Components+MO_Components+Controls -> DV2 (dv2_health_outcomes_score),dv2_health_outcomes_score,iv48_injury_deaths,25.2309,0.6660,0.0000,23.9250,26.5369,26.8301
IV_Components+MO_Components+Controls -> DV2 (dv2_health_outcomes_score),dv2_health_outcomes_score,iv31_adult_smoking,6756.1324,770.3061,0.0000,5245.6849,8266.5800,141.7581
IV_Components+MO_Components+Controls -> DV2 (dv2_health_outcomes_score),dv2_health_outcomes_score,iv32_adult_obesity,1533.3528,547.7864,0.0052,459.2309,2607.4748,259.5458
IV_Components+MO_Components+Controls -> DV2 (dv2_health_outcomes_score),dv2_health_outcomes_score,iv33_food_environment_index,-74.6405,19.6234,0.0001,-113.1188,-36.1621,120.7974
IV_Components+MO_Components+Controls -> DV2 (dv2_health_outcomes_score),dv2_health_outcomes_score,iv34_physical_inactivity,-677.7539,782.4024,0.3864,-2211.9205,856.4126,229.4127
IV_Components+MO_Components+Controls -> DV2 (dv2_health_outcomes_score),dv2_health_outcomes_score,iv35_access_exercise_ops,-183.9334,81.8300,0.0247,-344.3891,-23.4778,18.0500
IV_Components+MO_Components+Controls -> DV2 (dv2_health_outcomes_score),dv2_health_outcomes_score,iv36_excessive_drinking,-2056.8695,765.4934,0.0073,-3557.8801,-555.8589,90.5409
IV_Components+MO_Components+Controls -> DV2 (dv2_health_outcomes_score),dv2_health_outcomes_score,iv37_alcohol_driving_deaths,-37.1740,105.5801,0.7248,-244.1998,169.8518,6.0161
IV_Components+MO_Components+Controls -> DV2 (dv2_health_outcomes_score),dv2_health_outcomes_score,iv38_sti,1.1016,0.0815,0.0000,0.9419,1.2614,8.0920
IV_Components+MO_Components+Controls -> DV2 (dv2_health_outcomes_score),dv2_health_outcomes_score,iv39_teen_births,27.2524,2.1748,0.0000,22.9880,31.5169,18.7703
IV_Components+MO_Components+Controls -> DV2 (dv2_health_outcomes_score),dv2_health_outcomes_score,iv21_air_pollution_pm,11.3696,11.7186,0.3320,-11.6087,34.3479,52.7713
IV_Components+MO_Components+Controls -> DV2 (dv2_health_outcomes_score),dv2_health_outcomes_score,iv22_drinking_water_violations,6.6953,28.2959,0.8130,-48.7886,62.1791,1.9092
IV_Components+MO_Components+Controls -> DV2 (dv2_health_outcomes_score),dv2_health_outcomes_score,iv23_severe_housing_problems,1118.5453,543.7633,0.0398,52.3122,2184.7785,31.3298
IV_Components+MO_Components+Controls -> DV2 (dv2_health_outcomes_score),dv2_health_outcomes_score,iv24_driving_alone_work,1449.8736,278.2405,0.0000,904.2884,1995.4589,283.4402
IV_Components+MO_Components+Controls -> DV2 (dv2_health_outcomes_score),dv2_health_outcomes_score,iv25_long_commute_driving_alone,532.6611,136.0901,0.0001,265.8100,799.5122,14.3614
IV_Components+MO_Components+Controls -> DV2 (dv2_health_outcomes_score),dv2_health_outcomes_score,mo11_ai_automate_routine_tasks,-0.7775,0.9297,0.4031,-2.6005,1.0455,3.6193
IV_Components+MO_Components+Controls -> DV2 (dv2_health_outcomes_score),dv2_health_outcomes_score,mo12_ai_optimize_workflows,0.5196,0.9058,0.5663,-1.2566,2.2957,3.8689
IV_Components+MO_Components+Controls -> DV2 (dv2_health_outcomes_score),dv2_health_outcomes_score,mo13_ai_predict_patient_demand,-0.5671,1.0585,0.5921,-2.6427,1.5084,3.5548
IV_Components+MO_Components+Controls -> DV2 (dv2_health_outcomes_score),dv2_health_outcomes_score,mo14_ai_predict_staffing_needs,-0.3780,1.2143,0.7556,-2.7591,2.0031,4.4324
IV_Components+MO_Components+Controls -> DV2 (dv2_health_outcomes_score),dv2_health_outcomes_score,mo15_ai_staff_scheduling,0.1537,1.0044,0.8784,-1.8158,2.1231,2.8400
IV_Components+MO_Components+Controls -> DV2 (dv2_health_outcomes_score),dv2_health_outcomes_score,mo21_robotics_in_hospital,-0.6333,0.4417,0.1518,-1.4994,0.2329,1.9987
IV_Components+MO_Components+Controls -> DV2 (dv2_health_outcomes_score),dv2_health_outcomes_score,div_2,179.6963,109.8628,0.1020,-35.7272,395.1199,3.8916
IV_Components+MO_Components+Controls -> DV2 (dv2_health_outcomes_score),dv2_health_outcomes_score,div_3,180.9307,103.9885,0.0820,-22.9743,384.8357,11.8800
IV_Components+MO_Components+Controls -> DV2 (dv2_health_outcomes_score),dv2_health_outcomes_score,div_4,78.0631,104.9189,0.4569,-127.6662,283.7924,10.5494
IV_Components+MO_Components+Controls -> DV2 (dv2_health_outcomes_score),dv2_health_outcomes_score,div_5,251.6974,111.1505,0.0236,33.7489,469.6458,9.6497
IV_Components+MO_Components+Controls -> DV2 (dv2_health_outcomes_score),dv2_health_outcomes_score,div_6,29.9696,107.3342,0.7801,-180.4955,240.4348,12.6863
IV_Components+MO_Components+Controls -> DV2 (dv2_health_outcomes_score),dv2_health_outcomes_score,div_7,113.0048,108.4611,0.2976,-99.6702,325.6797,11.3817
IV_Components+MO_Components+Controls -> DV2 (dv2_health_outcomes_score),dv2_health_outcomes_score,div_8,205.1418,103.5180,0.0476,2.1596,408.1240,5.1324
IV_Components+MO_Components+Controls -> DV2 (dv2_health_outcomes_score),dv2_health_outcomes_score,div_9,103.6300,116.7467,0.3748,-125.2917,332.5518,3.5679
IV_Components+MO_Components+Controls -> DV2 (dv2_health_outcomes_score),dv2_health_outcomes_score,iv1_medicaid_expansion_active,-85.4638,33.2030,0.0101,-150.5696,-20.3579,3.4872
IV_Components+MO_Components+Controls -> DV2 (dv2_health_outcomes_score),dv2_health_outcomes_score,log_population,-32.8832,17.5038,0.0604,-67.2052,1.4389,198.8287
IV_Components+MO_Components+Controls -> DV3 (dv3_operational_efficiency_margin),dv3_operational_efficiency_margin,const,-0.4325,0.2346,0.0654,-0.8925,0.0276,
IV_Components+MO_Components+Controls -> DV3 (dv3_operational_efficiency_margin),dv3_operational_efficiency_margin,iv41_high_school_completion,0.2947,0.1687,0.0808,-0.0362,0.6255,681.4789
IV_Components+MO_Components+Controls -> DV3 (dv3_operational_efficiency_margin),dv3_operational_efficiency_margin,iv42_some_college,-0.1325,0.0858,0.1228,-0.3007,0.0358,145.4109
IV_Components+MO_Components+Controls -> DV3 (dv3_operational_efficiency_margin),dv3_operational_efficiency_margin,iv43_unemployment,-0.4788,0.5683,0.3996,-1.5934,0.6357,24.0274
IV_Components+MO_Components+Controls -> DV3 (dv3_operational_efficiency_margin),dv3_operational_efficiency_margin,iv44_children_in_poverty,-0.0618,0.1379,0.6540,-0.3322,0.2085,42.1699
IV_Components+MO_Components+Controls -> DV3 (dv3_operational_efficiency_margin),dv3_operational_efficiency_margin,iv45_income_inequality,-0.0061,0.0087,0.4821,-0.0233,0.0110,85.2254
IV_Components+MO_Components+Controls -> DV3 (dv3_operational_efficiency_margin),dv3_operational_efficiency_margin,iv46_children_single_parent,-0.0215,0.0850,0.8000,-0.1882,0.1452,26.2421
IV_Components+MO_Components+Controls -> DV3 (dv3_operational_efficiency_margin),dv3_operational_efficiency_margin,iv47_social_associations,-0.0037,0.0012,0.0015,-0.0060,-0.0014,11.1458
IV_Components+MO_Components+Controls -> DV3 (dv3_operational_efficiency_margin),dv3_operational_efficiency_margin,iv48_injury_deaths,-0.0008,0.0002,0.0009,-0.0012,-0.0003,27.0695
IV_Components+MO_Components+Controls -> DV3 (dv3_operational_efficiency_margin),dv3_operational_efficiency_margin,iv31_adult_smoking,0.0458,0.2789,0.8695,-0.5012,0.5929,154.1205
IV_Components+MO_Components+Controls -> DV3 (dv3_operational_efficiency_margin),dv3_operational_efficiency_margin,iv32_adult_obesity,0.6841,0.1872,0.0003,0.3169,1.0514,257.7578
IV_Components+MO_Components+Controls -> DV3 (dv3_operational_efficiency_margin),dv3_operational_efficiency_margin,iv33_food_environment_index,-0.0005,0.0076,0.9452,-0.0154,0.0144,151.3298
IV_Components+MO_Components+Controls -> DV3 (dv3_operational_efficiency_margin),dv3_operational_efficiency_margin,iv34_physical_inactivity,-0.9586,0.2621,0.0003,-1.4726,-0.4447,225.3792
IV_Components+MO_Components+Controls -> DV3 (dv3_operational_efficiency_margin),dv3_operational_efficiency_margin,iv35_access_exercise_ops,-0.0730,0.0312,0.0195,-0.1342,-0.0118,24.8497
IV_Components+MO_Components+Controls -> DV3 (dv3_operational_efficiency_margin),dv3_operational_efficiency_margin,iv36_excessive_drinking,-0.3546,0.2545,0.1637,-0.8538,0.1445,93.5846
IV_Components+MO_Components+Controls -> DV3 (dv3_operational_efficiency_margin),dv3_operational_efficiency_margin,iv37_alcohol_driving_deaths,-0.0751,0.0377,0.0465,-0.1491,-0.0012,6.5975
IV_Components+MO_Components+Controls -> DV3 (dv3_operational_efficiency_margin),dv3_operational_efficiency_margin,iv38_sti,-0.0000,0.0000,0.3730,-0.0001,0.0000,9.7918
IV_Components+MO_Components+Controls -> DV3 (dv3_operational_efficiency_margin),dv3_operational_efficiency_margin,iv39_teen_births,-0.0007,0.0008,0.3449,-0.0023,0.0008,19.9479
IV_Components+MO_Components+Controls -> DV3 (dv3_operational_efficiency_margin),dv3_operational_efficiency_margin,iv21_air_pollution_pm,0.0018,0.0038,0.6424,-0.0057,0.0092,48.1566
IV_Components+MO_Components+Controls -> DV3 (dv3_operational_efficiency_margin),dv3_operational_efficiency_margin,iv22_drinking_water_violations,-0.0202,0.0095,0.0342,-0.0389,-0.0015,2.0204
IV_Components+MO_Components+Controls -> DV3 (dv3_operational_efficiency_margin),dv3_operational_efficiency_margin,iv23_severe_housing_problems,0.1129,0.1926,0.5580,-0.2650,0.4907,35.1497
IV_Components+MO_Components+Controls -> DV3 (dv3_operational_efficiency_margin),dv3_operational_efficiency_margin,iv24_driving_alone_work,0.1746,0.0947,0.0653,-0.0111,0.3602,281.4547
IV_Components+MO_Components+Controls -> DV3 (dv3_operational_efficiency_margin),dv3_operational_efficiency_margin,iv25_long_commute_driving_alone,-0.1851,0.0498,0.0002,-0.2827,-0.0875,14.8174
IV_Components+MO_Components+Controls -> DV3 (dv3_operational_efficiency_margin),dv3_operational_efficiency_margin,mo11_ai_automate_routine_tasks,0.0001,0.0003,0.7491,-0.0005,0.0006,3.6831
IV_Components+MO_Components+Controls -> DV3 (dv3_operational_efficiency_margin),dv3_operational_efficiency_margin,mo12_ai_optimize_workflows,0.0002,0.0003,0.4176,-0.0003,0.0008,3.8917
IV_Components+MO_Components+Controls -> DV3 (dv3_operational_efficiency_margin),dv3_operational_efficiency_margin,mo13_ai_predict_patient_demand,0.0001,0.0003,0.7997,-0.0006,0.0007,3.7928
IV_Components+MO_Components+Controls -> DV3 (dv3_operational_efficiency_margin),dv3_operational_efficiency_margin,mo14_ai_predict_staffing_needs,-0.0001,0.0004,0.6983,-0.0009,0.0006,4.3725
IV_Components+MO_Components+Controls -> DV3 (dv3_operational_efficiency_margin),dv3_operational_efficiency_margin,mo15_ai_staff_scheduling,0.0000,0.0003,0.9605,-0.0006,0.0006,2.8304
IV_Components+MO_Components+Controls -> DV3 (dv3_operational_efficiency_margin),dv3_operational_efficiency_margin,mo21_robotics_in_hospital,0.0000,0.0001,0.7278,-0.0002,0.0003,2.1757
IV_Components+MO_Components+Controls -> DV3 (dv3_operational_efficiency_margin),dv3_operational_efficiency_margin,div_2,0.0234,0.0347,0.5002,-0.0447,0.0915,3.8553
IV_Components+MO_Components+Controls -> DV3 (dv3_operational_efficiency_margin),dv3_operational_efficiency_margin,div_3,0.1648,0.0338,0.0000,0.0984,0.2311,9.0187
IV_Components+MO_Components+Controls -> DV3 (dv3_operational_efficiency_margin),dv3_operational_efficiency_margin,div_4,0.1026,0.0334,0.0022,0.0370,0.1681,9.6416
IV_Components+MO_Components+Controls -> DV3 (dv3_operational_efficiency_margin),dv3_operational_efficiency_margin,div_5,0.1463,0.0362,0.0001,0.0753,0.2173,8.6026
IV_Components+MO_Components+Controls -> DV3 (dv3_operational_efficiency_margin),dv3_operational_efficiency_margin,div_6,0.0596,0.0344,0.0833,-0.0079,0.1270,11.5043
IV_Components+MO_Components+Controls -> DV3 (dv3_operational_efficiency_margin),dv3_operational_efficiency_margin,div_7,0.0345,0.0350,0.3244,-0.0342,0.1032,10.2167
IV_Components+MO_Components+Controls -> DV3 (dv3_operational_efficiency_margin),dv3_operational_efficiency_margin,div_8,0.1314,0.0330,0.0001,0.0667,0.1960,4.9765
IV_Components+MO_Components+Controls -> DV3 (dv3_operational_efficiency_margin),dv3_operational_efficiency_margin,div_9,0.0380,0.0367,0.2997,-0.0339,0.1099,3.8085
IV_Components+MO_Components+Controls -> DV3 (dv3_operational_efficiency_margin),dv3_operational_efficiency_margin,iv1_medicaid_expansion_active,0.0156,0.0118,0.1871,-0.0076,0.0387,3.8516
IV_Components+MO_Components+Controls -> DV3 (dv3_operational_efficiency_margin),dv3_operational_efficiency_margin,log_population,0.0392,0.0061,0.0000,0.0273,0.0511,212.8125
IV_Components+MO_Components+Controls -> DV21 (dv21_premature_death_ypll_rate),dv21_premature_death_ypll_rate,const,-4447.8820,1304.5716,0.0007,-7005.9392,-1889.8248,
IV_Components+MO_Components+Controls -> DV21 (dv21_premature_death_ypll_rate),dv21_premature_death_ypll_rate,iv41_high_school_completion,725.1070,926.3951,0.4339,-1091.4062,2541.6202,566.4595
IV_Components+MO_Components+Controls -> DV21 (dv21_premature_death_ypll_rate),dv21_premature_death_ypll_rate,iv42_some_college,2288.1301,474.2766,0.0000,1358.1492,3218.1111,122.5207
IV_Components+MO_Components+Controls -> DV21 (dv21_premature_death_ypll_rate),dv21_premature_death_ypll_rate,iv43_unemployment,279.2418,3047.9856,0.9270,-5697.3725,6255.8560,20.7202
IV_Components+MO_Components+Controls -> DV21 (dv21_premature_death_ypll_rate),dv21_premature_death_ypll_rate,iv44_children_in_poverty,5145.4620,762.4274,0.0000,3650.4634,6640.4607,39.7675
IV_Components+MO_Components+Controls -> DV21 (dv21_premature_death_ypll_rate),dv21_premature_death_ypll_rate,iv45_income_inequality,100.3387,47.9580,0.0365,6.3006,194.3768,74.8333
IV_Components+MO_Components+Controls -> DV21 (dv21_premature_death_ypll_rate),dv21_premature_death_ypll_rate,iv46_children_single_parent,1544.5207,449.6369,0.0006,662.8544,2426.1869,21.6056
IV_Components+MO_Components+Controls -> DV21 (dv21_premature_death_ypll_rate),dv21_premature_death_ypll_rate,iv47_social_associations,-22.7350,6.4474,0.0004,-35.3773,-10.0926,9.6117
IV_Components+MO_Components+Controls -> DV21 (dv21_premature_death_ypll_rate),dv21_premature_death_ypll_rate,iv48_injury_deaths,50.4616,1.3320,0.0000,47.8497,53.0735,26.8301
IV_Components+MO_Components+Controls -> DV21 (dv21_premature_death_ypll_rate),dv21_premature_death_ypll_rate,iv31_adult_smoking,13508.3144,1540.6039,0.0000,10487.4356,16529.1932,141.7581
IV_Components+MO_Components+Controls -> DV21 (dv21_premature_death_ypll_rate),dv21_premature_death_ypll_rate,iv32_adult_obesity,3066.5503,1095.5669,0.0052,918.3181,5214.7826,259.5458
IV_Components+MO_Components+Controls -> DV21 (dv21_premature_death_ypll_rate),dv21_premature_death_ypll_rate,iv33_food_environment_index,-149.2748,39.2465,0.0001,-226.2310,-72.3186,120.7974
IV_Components+MO_Components+Controls -> DV21 (dv21_premature_death_ypll_rate),dv21_premature_death_ypll_rate,iv34_physical_inactivity,-1355.5434,1564.7964,0.3864,-4423.8600,1712.7731,229.4127
IV_Components+MO_Components+Controls -> DV21 (dv21_premature_death_ypll_rate),dv21_premature_death_ypll_rate,iv35_access_exercise_ops,-367.8741,163.6592,0.0247,-688.7837,-46.9645,18.0500
IV_Components+MO_Components+Controls -> DV21 (dv21_premature_death_ypll_rate),dv21_premature_death_ypll_rate,iv36_excessive_drinking,-4112.0752,1530.9785,0.0073,-7114.0802,-1110.0702,90.5409
IV_Components+MO_Components+Controls -> DV21 (dv21_premature_death_ypll_rate),dv21_premature_death_ypll_rate,iv37_alcohol_driving_deaths,-74.3536,211.1591,0.7248,-488.4030,339.6957,6.0161
IV_Components+MO_Components+Controls -> DV21 (dv21_premature_death_ypll_rate),dv21_premature_death_ypll_rate,iv38_sti,2.2034,0.1630,0.0000,1.8838,2.5230,8.0920
IV_Components+MO_Components+Controls -> DV21 (dv21_premature_death_ypll_rate),dv21_premature_death_ypll_rate,iv39_teen_births,54.5048,4.3496,0.0000,45.9759,63.0336,18.7703
IV_Components+MO_Components+Controls -> DV21 (dv21_premature_death_ypll_rate),dv21_premature_death_ypll_rate,iv21_air_pollution_pm,22.7313,23.4370,0.3322,-23.2250,68.6876,52.7713
IV_Components+MO_Components+Controls -> DV21 (dv21_premature_death_ypll_rate),dv21_premature_death_ypll_rate,iv22_drinking_water_violations,13.3935,56.5916,0.8129,-97.5736,124.3605,1.9092
IV_Components+MO_Components+Controls -> DV21 (dv21_premature_death_ypll_rate),dv21_premature_death_ypll_rate,iv23_severe_housing_problems,2236.9394,1087.5206,0.0398,104.4847,4369.3942,31.3298
IV_Components+MO_Components+Controls -> DV21 (dv21_premature_death_ypll_rate),dv21_premature_death_ypll_rate,iv24_driving_alone_work,2899.7643,556.4780,0.0000,1808.5996,3990.9289,283.4402
IV_Components+MO_Components+Controls -> DV21 (dv21_premature_death_ypll_rate),dv21_premature_death_ypll_rate,iv25_long_commute_driving_alone,1065.3792,272.1788,0.0001,531.6799,1599.0785,14.3614
IV_Components+MO_Components+Controls -> DV21 (dv21_premature_death_ypll_rate),dv21_premature_death_ypll_rate,mo11_ai_automate_routine_tasks,-1.5553,1.8594,0.4030,-5.2012,2.0906,3.6193
IV_Components+MO_Components+Controls -> DV21 (dv21_premature_death_ypll_rate),dv21_premature_death_ypll_rate,mo12_ai_optimize_workflows,1.0391,1.8116,0.5663,-2.5132,4.5914,3.8689
IV_Components+MO_Components+Controls -> DV21 (dv21_premature_death_ypll_rate),dv21_premature_death_ypll_rate,mo13_ai_predict_patient_demand,-1.1342,2.1170,0.5922,-5.2852,3.0168,3.5548
IV_Components+MO_Components+Controls -> DV21 (dv21_premature_death_ypll_rate),dv21_premature_death_ypll_rate,mo14_ai_predict_staffing_needs,-0.7560,2.4287,0.7556,-5.5182,4.0062,4.4324
IV_Components+MO_Components+Controls -> DV21 (dv21_premature_death_ypll_rate),dv21_premature_death_ypll_rate,mo15_ai_staff_scheduling,0.3071,2.0088,0.8785,-3.6318,4.2461,2.8400
IV_Components+MO_Components+Controls -> DV21 (dv21_premature_death_ypll_rate),dv21_premature_death_ypll_rate,mo21_robotics_in_hospital,-1.2666,0.8835,0.1518,-2.9989,0.4658,1.9987
IV_Components+MO_Components+Controls -> DV21 (dv21_premature_death_ypll_rate),dv21_premature_death_ypll_rate,div_2,359.4656,219.7245,0.1020,-71.3792,790.3103,3.8916
IV_Components+MO_Components+Controls -> DV21 (dv21_premature_death_ypll_rate),dv21_premature_death_ypll_rate,div_3,361.8422,207.9760,0.0820,-45.9655,769.6500,11.8800
IV_Components+MO_Components+Controls -> DV21 (dv21_premature_death_ypll_rate),dv21_premature_death_ypll_rate,div_4,156.1612,209.8367,0.4568,-255.2951,567.6176,10.5494
IV_Components+MO_Components+Controls -> DV21 (dv21_premature_death_ypll_rate),dv21_premature_death_ypll_rate,div_5,503.3475,222.2998,0.0236,67.4530,939.2419,9.6497
IV_Components+MO_Components+Controls -> DV21 (dv21_premature_death_ypll_rate),dv21_premature_death_ypll_rate,div_6,60.0706,214.6672,0.7796,-360.8575,480.9987,12.6863
IV_Components+MO_Components+Controls -> DV21 (dv21_premature_death_ypll_rate),dv21_premature_death_ypll_rate,div_7,225.9201,216.9210,0.2977,-199.4274,651.2677,11.3817
IV_Components+MO_Components+Controls -> DV21 (dv21_premature_death_ypll_rate),dv21_premature_death_ypll_rate,div_8,410.2241,207.0348,0.0476,4.2619,816.1864,5.1324
IV_Components+MO_Components+Controls -> DV21 (dv21_premature_death_ypll_rate),dv21_premature_death_ypll_rate,div_9,207.0905,233.4922,0.3752,-250.7505,664.9315,3.5679
IV_Components+MO_Components+Controls -> DV21 (dv21_premature_death_ypll_rate),dv21_premature_death_ypll_rate,iv1_medicaid_expansion_active,-170.9405,66.4057,0.0101,-301.1516,-40.7294,3.4872
IV_Components+MO_Components+Controls -> DV21 (dv21_premature_death_ypll_rate),dv21_premature_death_ypll_rate,log_population,-65.7779,35.0073,0.0604,-134.4217,2.8659,198.8287
